-- phpMyAdmin SQL Dump
-- version 5.0.2
-- https://www.phpmyadmin.net/
--
-- Hôte : 127.0.0.1:3306
-- Généré le : Dim 29 nov. 2020 à 01:23
-- Version du serveur :  5.7.31
-- Version de PHP : 7.3.21

SET SQL_MODE = "NO_AUTO_VALUE_ON_ZERO";
START TRANSACTION;
SET time_zone = "+00:00";


/*!40101 SET @OLD_CHARACTER_SET_CLIENT=@@CHARACTER_SET_CLIENT */;
/*!40101 SET @OLD_CHARACTER_SET_RESULTS=@@CHARACTER_SET_RESULTS */;
/*!40101 SET @OLD_COLLATION_CONNECTION=@@COLLATION_CONNECTION */;
/*!40101 SET NAMES utf8mb4 */;

--
-- Base de données : `bdd_tiw`
--

-- --------------------------------------------------------

--
-- Structure de la table `document`
--

DROP TABLE IF EXISTS `document`;
CREATE TABLE IF NOT EXISTS `document` (
  `id_document` int(11) NOT NULL AUTO_INCREMENT,
  `url_document` varchar(255) NOT NULL,
  `titre_document` varchar(255) NOT NULL,
  `description_document` varchar(255) NOT NULL,
  PRIMARY KEY (`id_document`)
) ENGINE=InnoDB AUTO_INCREMENT=7 DEFAULT CHARSET=utf8;

--
-- Déchargement des données de la table `document`
--

INSERT INTO `document` (`id_document`, `url_document`, `titre_document`, `description_document`) VALUES
(1, '../docs/Avant la disparition de Flash, Internet Archive entreprend de préserver jeux et animations.html', 'Avant la disparition de Flash, Internet Archive entreprend de préserver jeux et animations', 'La fondation a développé une technologie permettant d’émuler Flash, le logiciel de dessin et d’animation lancé en 1996 et dont la mort est officiellement prévue pour le 31 décembre.'),
(2, '../docs/Gérald Darmanin défend sa politique et redit son « soutien sans faille aux policiers ».html', 'Gérald Darmanin défend sa politique et redit son « soutien sans faille aux policiers »', 'Invité jeudi soir du « 20 heures » de France 2, le ministre de l’intérieur a déclaré qu’il demanderait « la révocation » des policiers mis en cause dans le passage à tabac d’un homme noir à Paris « si la justice conclut à une faute ».'),
(3, '../docs/Le manga La gameuse et son chat aux éditions Doki-Doki.html', 'Le manga La gameuse et son chat aux éditions Doki-Doki', 'Le manga La gameuse et son chat aux éditions Doki-Doki : Comment survivre à l&#39;arrivée d&#39;un chat quand on ne vit que pour les jeux vidéo ? Les éditions Doki-Doki nous annoncent l&#39;arrivée d&#39;un nouveau manga dans leur catalogue : La gameu...'),
(4, '../docs/Pomme — Wikipédia.html', 'Pomme — Wikipédia', 'Pomme — Wikipédia'),
(5, '../docs/test.html', 'Le site', 'Une description de la page...'),
(6, '../docs/test1.html', 'éléctricité', 'éléctricité');

-- --------------------------------------------------------

--
-- Structure de la table `document_mot`
--

DROP TABLE IF EXISTS `document_mot`;
CREATE TABLE IF NOT EXISTS `document_mot` (
  `id_document_mot` int(11) NOT NULL AUTO_INCREMENT,
  `id_document` int(11) NOT NULL,
  `id_mot` int(11) NOT NULL,
  `poids` int(11) NOT NULL,
  PRIMARY KEY (`id_document_mot`),
  KEY `id_document` (`id_document`),
  KEY `id_mot` (`id_mot`)
) ENGINE=InnoDB AUTO_INCREMENT=5460 DEFAULT CHARSET=utf8;

--
-- Déchargement des données de la table `document_mot`
--

INSERT INTO `document_mot` (`id_document_mot`, `id_document`, `id_mot`, `poids`) VALUES
(1, 1, 1, 2),
(2, 1, 2, 18),
(3, 1, 3, 11),
(4, 1, 4, 8),
(5, 1, 5, 2),
(6, 1, 6, 3),
(7, 1, 7, 24),
(8, 1, 8, 8),
(9, 1, 9, 3),
(10, 1, 10, 2),
(11, 1, 11, 8),
(12, 1, 12, 3),
(13, 1, 13, 2),
(14, 1, 14, 5),
(15, 1, 15, 2),
(16, 1, 16, 2),
(17, 1, 17, 2),
(18, 1, 18, 3),
(19, 1, 19, 2),
(20, 1, 20, 2),
(21, 1, 21, 2),
(22, 1, 22, 2),
(23, 1, 23, 1),
(24, 1, 24, 4),
(25, 1, 25, 1),
(26, 1, 26, 24),
(27, 1, 27, 3),
(28, 1, 28, 56),
(29, 1, 29, 1),
(30, 1, 30, 3),
(31, 1, 31, 2),
(32, 1, 32, 1),
(33, 1, 33, 1),
(34, 1, 34, 1),
(35, 1, 35, 2),
(36, 1, 36, 3),
(37, 1, 37, 1),
(38, 1, 38, 1),
(39, 1, 39, 2),
(40, 1, 40, 1),
(41, 1, 41, 1),
(42, 1, 42, 1),
(43, 1, 43, 1),
(44, 1, 44, 1),
(45, 1, 45, 1),
(46, 1, 46, 1),
(47, 1, 47, 1),
(48, 1, 49, 1),
(49, 1, 50, 1),
(50, 1, 51, 1),
(51, 1, 52, 3),
(52, 1, 53, 5),
(53, 1, 54, 4),
(54, 1, 55, 3),
(55, 1, 56, 4),
(56, 1, 57, 3),
(57, 1, 58, 2),
(58, 1, 59, 2),
(59, 1, 60, 2),
(60, 1, 61, 8),
(61, 1, 62, 2),
(62, 1, 63, 2),
(63, 1, 64, 2),
(64, 1, 65, 2),
(65, 1, 66, 2),
(66, 1, 67, 1),
(67, 1, 68, 7),
(68, 1, 69, 1),
(69, 1, 70, 1),
(70, 1, 71, 2),
(71, 1, 72, 2),
(72, 1, 73, 1),
(73, 1, 74, 2),
(74, 1, 75, 3),
(75, 1, 76, 1),
(76, 1, 77, 1),
(77, 1, 78, 2),
(78, 1, 79, 2),
(79, 1, 80, 1),
(80, 1, 81, 1),
(81, 1, 82, 1),
(82, 1, 83, 1),
(83, 1, 84, 1),
(84, 1, 85, 1),
(85, 1, 86, 1),
(86, 1, 87, 18),
(87, 1, 88, 16),
(88, 1, 89, 19),
(89, 1, 90, 2),
(90, 1, 91, 2),
(91, 1, 92, 1),
(92, 1, 93, 1),
(93, 1, 94, 1),
(94, 1, 95, 2),
(95, 1, 96, 1),
(96, 1, 97, 1),
(97, 1, 98, 1),
(98, 1, 99, 1),
(99, 1, 100, 1),
(100, 1, 101, 1),
(101, 1, 102, 1),
(102, 1, 103, 1),
(103, 1, 104, 1),
(104, 1, 105, 1),
(105, 1, 106, 4),
(106, 1, 107, 2),
(107, 1, 108, 1),
(108, 1, 109, 1),
(109, 1, 110, 1),
(110, 1, 111, 1),
(111, 1, 112, 4),
(112, 1, 113, 1),
(113, 1, 114, 2),
(114, 1, 115, 1),
(115, 1, 116, 1),
(116, 1, 117, 1),
(117, 1, 118, 1),
(118, 1, 119, 3),
(119, 1, 120, 1),
(120, 1, 121, 1),
(121, 1, 122, 1),
(122, 1, 123, 1),
(123, 1, 124, 1),
(124, 1, 125, 1),
(125, 1, 126, 1),
(126, 1, 127, 1),
(127, 1, 128, 1),
(128, 1, 129, 1),
(129, 1, 130, 1),
(130, 1, 131, 1),
(131, 1, 132, 1),
(132, 1, 133, 1),
(133, 1, 134, 1),
(134, 1, 135, 1),
(135, 1, 136, 1),
(136, 1, 137, 1),
(137, 1, 138, 1),
(138, 1, 139, 1),
(139, 1, 140, 1),
(140, 1, 141, 3),
(141, 1, 142, 2),
(142, 1, 143, 2),
(143, 1, 144, 2),
(144, 1, 145, 2),
(145, 1, 146, 1),
(146, 1, 147, 1),
(147, 1, 148, 1),
(148, 1, 149, 1),
(149, 1, 150, 1),
(150, 1, 151, 1),
(151, 1, 152, 2),
(152, 1, 153, 1),
(153, 1, 154, 1),
(154, 1, 155, 1),
(155, 1, 156, 1),
(156, 1, 157, 1),
(157, 1, 158, 1),
(158, 1, 159, 1),
(159, 1, 160, 1),
(160, 1, 161, 1),
(161, 1, 162, 1),
(162, 1, 163, 1),
(163, 1, 164, 1),
(164, 1, 165, 1),
(165, 1, 166, 1),
(166, 1, 167, 2),
(167, 1, 168, 1),
(168, 1, 169, 1),
(169, 1, 170, 1),
(170, 1, 171, 1),
(171, 1, 172, 1),
(172, 1, 173, 1),
(173, 1, 174, 1),
(174, 1, 175, 1),
(175, 1, 176, 1),
(176, 1, 177, 1),
(177, 1, 178, 1),
(178, 1, 179, 1),
(179, 1, 180, 1),
(180, 1, 181, 1),
(181, 1, 182, 1),
(182, 1, 183, 1),
(183, 1, 184, 6),
(184, 1, 185, 3),
(185, 1, 186, 2),
(186, 1, 187, 2),
(187, 1, 188, 1),
(188, 1, 189, 2),
(189, 1, 190, 1),
(190, 1, 191, 1),
(191, 1, 192, 2),
(192, 1, 193, 1),
(193, 1, 194, 3),
(194, 1, 195, 1),
(195, 1, 196, 1),
(196, 1, 197, 1),
(197, 1, 198, 1),
(198, 1, 199, 2),
(199, 1, 200, 1),
(200, 1, 201, 1),
(201, 1, 202, 1),
(202, 1, 203, 1),
(203, 1, 204, 1),
(204, 1, 205, 1),
(205, 1, 206, 1),
(206, 1, 207, 1),
(207, 1, 208, 1),
(208, 1, 209, 1),
(209, 1, 210, 1),
(210, 1, 211, 1),
(211, 1, 212, 2),
(212, 1, 213, 1),
(213, 1, 214, 1),
(214, 1, 215, 1),
(215, 1, 216, 1),
(216, 1, 217, 1),
(217, 1, 218, 1),
(218, 1, 219, 4),
(219, 1, 220, 1),
(220, 1, 221, 3),
(221, 1, 222, 2),
(222, 1, 223, 2),
(223, 1, 224, 2),
(224, 1, 225, 2),
(225, 1, 226, 3),
(226, 1, 227, 1),
(227, 1, 228, 1),
(228, 1, 229, 1),
(229, 1, 230, 1),
(230, 1, 231, 1),
(231, 1, 232, 1),
(232, 1, 233, 3),
(233, 1, 234, 1),
(234, 1, 235, 1),
(235, 1, 236, 1),
(236, 1, 237, 1),
(237, 1, 238, 1),
(238, 1, 239, 1),
(239, 1, 240, 1),
(240, 1, 241, 1),
(241, 1, 242, 1),
(242, 1, 243, 1),
(243, 1, 244, 1),
(244, 1, 245, 1),
(245, 1, 246, 1),
(246, 1, 247, 1),
(247, 1, 248, 1),
(248, 1, 249, 1),
(249, 1, 250, 1),
(250, 1, 251, 1),
(251, 1, 252, 1),
(252, 1, 253, 5),
(253, 1, 254, 1),
(254, 1, 255, 6),
(255, 1, 256, 1),
(256, 1, 257, 3),
(257, 1, 258, 4),
(258, 1, 259, 1),
(259, 1, 260, 2),
(260, 1, 261, 3),
(261, 1, 262, 2),
(262, 1, 263, 1),
(263, 1, 264, 2),
(264, 1, 265, 5),
(265, 1, 266, 3),
(266, 1, 267, 1),
(267, 1, 268, 1),
(268, 1, 269, 1),
(269, 1, 270, 1),
(270, 1, 271, 2),
(271, 1, 272, 2),
(272, 1, 273, 2),
(273, 1, 274, 2),
(274, 1, 275, 2),
(275, 1, 276, 2),
(276, 1, 277, 2),
(277, 1, 278, 4),
(278, 1, 279, 2),
(279, 1, 280, 2),
(280, 1, 281, 2),
(281, 1, 282, 1),
(282, 1, 283, 1),
(283, 1, 284, 1),
(284, 1, 285, 1),
(285, 1, 286, 2),
(286, 1, 287, 4),
(287, 1, 288, 2),
(288, 1, 289, 2),
(289, 1, 290, 1),
(290, 1, 291, 5),
(291, 1, 292, 2),
(292, 1, 293, 2),
(293, 1, 294, 1),
(294, 1, 295, 2),
(295, 1, 296, 2),
(296, 1, 297, 2),
(297, 1, 298, 2),
(298, 1, 299, 2),
(299, 1, 300, 3),
(300, 1, 301, 2),
(301, 1, 302, 2),
(302, 1, 303, 1),
(303, 1, 304, 3),
(304, 1, 305, 2),
(305, 1, 306, 1),
(306, 1, 307, 1),
(307, 1, 308, 1),
(308, 1, 309, 1),
(309, 1, 310, 1),
(310, 1, 311, 1),
(311, 1, 312, 1),
(312, 1, 313, 1),
(313, 1, 314, 2),
(314, 1, 315, 4),
(315, 1, 316, 2),
(316, 1, 317, 2),
(317, 1, 318, 1),
(318, 1, 319, 3),
(319, 1, 320, 1),
(320, 1, 321, 1),
(321, 1, 322, 1),
(322, 1, 323, 2),
(323, 1, 324, 1),
(324, 1, 325, 16),
(325, 1, 326, 14),
(326, 1, 327, 2),
(327, 1, 328, 3),
(328, 1, 329, 2),
(329, 1, 330, 1),
(330, 1, 331, 1),
(331, 1, 332, 1),
(332, 1, 333, 1),
(333, 1, 334, 1),
(334, 1, 335, 1),
(335, 1, 336, 1),
(336, 1, 338, 1),
(337, 1, 339, 1),
(338, 1, 340, 1),
(339, 1, 341, 1),
(340, 1, 342, 1),
(341, 1, 343, 1),
(342, 1, 344, 2),
(343, 1, 345, 1),
(344, 1, 346, 1),
(345, 1, 347, 1),
(346, 1, 348, 1),
(347, 1, 349, 3),
(348, 1, 350, 1),
(349, 1, 351, 2),
(350, 1, 352, 1),
(351, 1, 353, 1),
(352, 1, 354, 2),
(353, 1, 355, 1),
(354, 1, 356, 1),
(355, 1, 357, 1),
(356, 1, 358, 1),
(357, 1, 359, 1),
(358, 1, 360, 1),
(359, 1, 361, 1),
(360, 1, 362, 1),
(361, 1, 363, 1),
(362, 1, 364, 2),
(363, 1, 365, 1),
(364, 1, 366, 5),
(365, 1, 367, 1),
(366, 1, 368, 1),
(367, 1, 369, 2),
(368, 1, 370, 1),
(369, 1, 371, 2),
(370, 1, 372, 1),
(371, 1, 373, 1),
(372, 1, 374, 2),
(373, 1, 376, 1),
(374, 1, 377, 1),
(375, 1, 378, 1),
(376, 1, 379, 1),
(377, 1, 380, 1),
(378, 1, 381, 1),
(379, 1, 382, 2),
(380, 1, 383, 1),
(381, 1, 384, 1),
(382, 1, 385, 8),
(383, 1, 386, 1),
(384, 1, 387, 2),
(385, 1, 388, 1),
(386, 1, 389, 1),
(387, 1, 390, 2),
(388, 1, 391, 1),
(389, 1, 392, 1),
(390, 1, 393, 2),
(391, 1, 394, 2),
(392, 1, 395, 1),
(393, 1, 396, 2),
(394, 1, 397, 2),
(395, 1, 398, 1),
(396, 1, 399, 2),
(397, 1, 400, 2),
(398, 1, 401, 1),
(399, 1, 402, 1),
(400, 1, 403, 1),
(401, 1, 404, 2),
(402, 1, 405, 2),
(403, 1, 406, 1),
(404, 1, 407, 2),
(405, 1, 408, 1),
(406, 1, 409, 1),
(407, 1, 410, 1),
(408, 1, 411, 2),
(409, 1, 412, 2),
(410, 1, 413, 1),
(411, 1, 414, 2),
(412, 1, 415, 1),
(413, 1, 416, 1),
(414, 1, 417, 1),
(415, 1, 418, 1),
(416, 1, 419, 1),
(417, 1, 420, 2),
(418, 1, 421, 1),
(419, 1, 422, 1),
(420, 1, 423, 1),
(421, 1, 424, 1),
(422, 1, 425, 1),
(423, 1, 426, 1),
(424, 1, 427, 1),
(425, 1, 428, 1),
(426, 1, 429, 1),
(427, 1, 430, 2),
(428, 1, 431, 1),
(429, 1, 432, 1),
(430, 1, 433, 1),
(431, 1, 434, 2),
(432, 1, 435, 1),
(433, 1, 436, 1),
(434, 1, 437, 1),
(435, 1, 438, 1),
(436, 1, 439, 1),
(437, 1, 440, 1),
(438, 1, 441, 1),
(439, 1, 442, 1),
(440, 1, 443, 1),
(441, 1, 444, 1),
(442, 1, 445, 1),
(443, 1, 446, 2),
(444, 1, 447, 1),
(445, 1, 448, 1),
(446, 1, 449, 1),
(447, 1, 450, 1),
(448, 1, 451, 1),
(449, 1, 452, 1),
(450, 1, 453, 1),
(451, 1, 454, 1),
(452, 1, 455, 1),
(453, 1, 456, 1),
(454, 1, 457, 1),
(455, 1, 458, 1),
(456, 1, 459, 1),
(457, 1, 460, 1),
(458, 1, 461, 2),
(459, 1, 462, 2),
(460, 1, 463, 1),
(461, 1, 464, 1),
(462, 1, 465, 1),
(463, 1, 466, 1),
(464, 1, 467, 1),
(465, 1, 468, 2),
(466, 1, 469, 2),
(467, 1, 470, 2),
(468, 1, 471, 1),
(469, 1, 472, 1),
(470, 1, 473, 2),
(471, 1, 474, 1),
(472, 1, 475, 1),
(473, 1, 476, 1),
(474, 1, 477, 1),
(475, 1, 478, 1),
(476, 1, 479, 1),
(477, 1, 480, 1),
(478, 1, 481, 2),
(479, 1, 482, 1),
(480, 1, 483, 2),
(481, 1, 484, 1),
(482, 1, 485, 2),
(483, 1, 486, 3),
(484, 1, 487, 1),
(485, 1, 488, 1),
(486, 1, 489, 1),
(487, 1, 490, 2),
(488, 1, 491, 1),
(489, 1, 492, 1),
(490, 1, 493, 1),
(491, 1, 494, 1),
(492, 1, 495, 1),
(493, 1, 496, 1),
(494, 1, 497, 1),
(495, 1, 498, 1),
(496, 1, 499, 1),
(497, 1, 501, 1),
(498, 1, 502, 1),
(499, 1, 503, 1),
(500, 1, 504, 1),
(501, 1, 505, 1),
(502, 1, 506, 1),
(503, 1, 507, 1),
(504, 1, 508, 1),
(505, 1, 509, 1),
(506, 1, 510, 1),
(507, 1, 511, 1),
(508, 1, 512, 1),
(509, 1, 513, 5),
(510, 1, 514, 1),
(511, 1, 515, 1),
(512, 1, 516, 1),
(513, 1, 517, 1),
(514, 1, 518, 1),
(515, 1, 519, 1),
(516, 1, 520, 1),
(517, 1, 521, 1),
(518, 1, 522, 1),
(519, 1, 523, 1),
(520, 1, 524, 1),
(521, 1, 525, 2),
(522, 1, 526, 1),
(523, 1, 527, 1),
(524, 1, 528, 1),
(525, 1, 529, 1),
(526, 1, 530, 1),
(527, 1, 531, 1),
(528, 1, 532, 2),
(529, 1, 533, 2),
(530, 1, 534, 2),
(531, 1, 535, 1),
(532, 1, 536, 1),
(533, 1, 537, 1),
(534, 1, 538, 2),
(535, 1, 539, 1),
(536, 1, 540, 1),
(537, 1, 541, 1),
(538, 1, 542, 2),
(539, 1, 543, 1),
(540, 1, 544, 1),
(541, 1, 545, 1),
(542, 1, 546, 1),
(543, 1, 547, 1),
(544, 1, 548, 1),
(545, 1, 549, 1),
(546, 1, 550, 1),
(547, 1, 551, 1),
(548, 1, 552, 1),
(549, 1, 553, 1),
(550, 1, 554, 1),
(551, 1, 555, 1),
(552, 1, 556, 1),
(553, 1, 557, 1),
(554, 1, 558, 1),
(555, 1, 559, 1),
(556, 1, 560, 1),
(557, 1, 561, 1),
(558, 1, 562, 1),
(559, 1, 563, 1),
(560, 1, 564, 1),
(561, 1, 565, 1),
(562, 1, 566, 2),
(563, 1, 567, 1),
(564, 1, 568, 1),
(565, 1, 569, 1),
(566, 1, 570, 1),
(567, 1, 571, 1),
(568, 1, 572, 1),
(569, 1, 573, 1),
(570, 1, 574, 3),
(571, 1, 575, 1),
(572, 1, 576, 1),
(573, 1, 577, 1),
(574, 1, 578, 1),
(575, 1, 579, 1),
(576, 1, 580, 1),
(577, 1, 581, 2),
(578, 1, 582, 1),
(579, 1, 583, 1),
(580, 1, 584, 1),
(581, 1, 585, 1),
(582, 1, 586, 1),
(583, 1, 587, 1),
(584, 1, 588, 1),
(585, 1, 589, 1),
(586, 1, 590, 1),
(587, 1, 591, 1),
(588, 1, 592, 1),
(589, 1, 593, 1),
(590, 1, 594, 1),
(591, 1, 595, 1),
(592, 1, 596, 1),
(593, 1, 597, 1),
(594, 1, 598, 2),
(595, 1, 599, 1),
(596, 1, 600, 1),
(597, 1, 601, 1),
(598, 1, 602, 2),
(599, 1, 603, 1),
(600, 1, 604, 1),
(601, 1, 605, 1),
(602, 1, 606, 1),
(603, 1, 607, 1),
(604, 1, 608, 1),
(605, 1, 609, 1),
(606, 1, 610, 1),
(607, 1, 611, 1),
(608, 1, 612, 1),
(609, 1, 613, 1),
(610, 1, 614, 1),
(611, 1, 615, 1),
(612, 1, 616, 1),
(613, 1, 617, 1),
(614, 1, 618, 1),
(615, 1, 619, 1),
(616, 1, 620, 1),
(617, 1, 621, 1),
(618, 1, 622, 1),
(619, 1, 623, 1),
(620, 1, 624, 3),
(621, 1, 625, 3),
(622, 1, 626, 4),
(623, 1, 627, 2),
(624, 1, 628, 2),
(625, 1, 629, 1),
(626, 1, 630, 1),
(627, 1, 631, 1),
(628, 1, 632, 1),
(629, 1, 633, 1),
(630, 1, 634, 1),
(631, 1, 635, 3),
(632, 1, 636, 1),
(633, 1, 637, 1),
(634, 1, 638, 1),
(635, 1, 639, 1),
(636, 1, 640, 2),
(637, 1, 641, 1),
(638, 1, 642, 1),
(639, 1, 643, 1),
(640, 1, 644, 1),
(641, 1, 645, 1),
(642, 1, 646, 1),
(643, 1, 647, 1),
(644, 1, 648, 2),
(645, 1, 649, 1),
(646, 1, 650, 1),
(647, 1, 651, 3),
(648, 1, 652, 3),
(649, 1, 653, 1),
(650, 1, 654, 1),
(651, 1, 655, 1),
(652, 1, 656, 1),
(653, 1, 657, 3),
(654, 1, 658, 2),
(655, 1, 659, 1),
(656, 1, 660, 1),
(657, 1, 661, 1),
(658, 1, 662, 1),
(659, 1, 663, 1),
(660, 1, 664, 1),
(661, 1, 665, 1),
(662, 1, 666, 1),
(663, 1, 667, 1),
(664, 1, 668, 1),
(665, 1, 669, 1),
(666, 1, 670, 1),
(667, 1, 671, 1),
(668, 1, 672, 1),
(669, 1, 673, 1),
(670, 1, 674, 1),
(671, 1, 675, 1),
(672, 1, 676, 1),
(673, 1, 677, 1),
(674, 1, 678, 1),
(675, 1, 679, 2),
(676, 1, 680, 1),
(677, 1, 681, 1),
(678, 1, 682, 1),
(679, 1, 683, 1),
(680, 1, 685, 1),
(681, 1, 686, 1),
(682, 1, 687, 1),
(683, 1, 688, 1),
(684, 1, 689, 1),
(685, 1, 691, 2),
(686, 1, 692, 1),
(687, 1, 693, 1),
(688, 1, 694, 1),
(689, 1, 695, 1),
(690, 1, 696, 1),
(691, 1, 697, 1),
(692, 1, 698, 1),
(693, 1, 699, 1),
(694, 1, 700, 1),
(695, 1, 701, 1),
(696, 1, 702, 1),
(697, 1, 703, 1),
(698, 1, 704, 1),
(699, 1, 705, 1),
(700, 1, 706, 1),
(701, 1, 707, 1),
(702, 1, 708, 1),
(703, 1, 709, 1),
(704, 1, 710, 6),
(705, 1, 711, 3),
(706, 1, 712, 2),
(707, 1, 713, 1),
(708, 1, 714, 2),
(709, 1, 715, 3),
(710, 1, 716, 2),
(711, 1, 717, 1),
(712, 1, 718, 1),
(713, 1, 719, 1),
(714, 1, 720, 1),
(715, 1, 721, 1),
(716, 1, 722, 1),
(717, 1, 723, 1),
(718, 1, 724, 1),
(719, 1, 725, 1),
(720, 1, 726, 1),
(721, 1, 727, 1),
(722, 1, 728, 1),
(723, 1, 729, 1),
(724, 1, 730, 1),
(725, 1, 731, 1),
(726, 1, 732, 1),
(727, 1, 733, 1),
(728, 1, 734, 1),
(729, 1, 735, 1),
(730, 1, 736, 1),
(731, 1, 737, 1),
(732, 1, 738, 1),
(733, 1, 739, 1),
(734, 1, 740, 1),
(735, 1, 741, 1),
(736, 1, 742, 1),
(737, 1, 743, 1),
(738, 1, 744, 1),
(739, 1, 745, 1),
(740, 1, 746, 1),
(741, 1, 747, 2),
(742, 1, 748, 1),
(743, 1, 749, 1),
(744, 1, 750, 1),
(745, 1, 751, 1),
(746, 1, 752, 1),
(747, 1, 753, 1),
(748, 1, 754, 1),
(749, 1, 755, 1),
(750, 1, 756, 1),
(751, 1, 757, 1),
(752, 1, 758, 1),
(753, 1, 759, 1),
(754, 1, 760, 1),
(755, 1, 761, 1),
(756, 1, 762, 1),
(757, 1, 763, 1),
(758, 1, 764, 1),
(759, 1, 765, 1),
(760, 1, 766, 1),
(761, 1, 767, 1),
(762, 1, 768, 1),
(763, 1, 769, 1),
(764, 1, 770, 1),
(765, 1, 771, 1),
(766, 1, 772, 1),
(767, 1, 773, 1),
(768, 1, 774, 1),
(769, 1, 775, 1),
(770, 1, 776, 1),
(771, 1, 777, 1),
(772, 1, 778, 1),
(773, 1, 779, 1),
(774, 1, 780, 1),
(775, 1, 781, 1),
(776, 1, 782, 1),
(777, 1, 783, 1),
(778, 1, 784, 1),
(779, 1, 785, 1),
(780, 1, 786, 1),
(781, 1, 787, 1),
(782, 1, 788, 1),
(783, 1, 789, 1),
(784, 1, 791, 1),
(785, 1, 792, 1),
(786, 1, 793, 1),
(787, 1, 794, 2),
(788, 1, 795, 1),
(789, 1, 797, 1),
(790, 1, 798, 1),
(791, 1, 799, 1),
(792, 1, 800, 1),
(793, 1, 801, 1),
(794, 1, 803, 1),
(795, 2, 804, 8),
(796, 2, 805, 9),
(797, 2, 806, 2),
(798, 2, 53, 12),
(799, 2, 807, 2),
(800, 2, 331, 3),
(801, 2, 808, 3),
(802, 2, 809, 2),
(803, 2, 810, 9),
(804, 2, 811, 2),
(805, 2, 812, 2),
(806, 2, 402, 5),
(807, 2, 813, 3),
(808, 2, 814, 3),
(809, 2, 93, 5),
(810, 2, 815, 12),
(811, 2, 816, 11),
(812, 2, 817, 3),
(813, 2, 818, 5),
(814, 2, 819, 2),
(815, 2, 96, 5),
(816, 2, 820, 2),
(817, 2, 321, 3),
(818, 2, 559, 2),
(819, 2, 821, 5),
(820, 2, 28, 93),
(821, 2, 822, 5),
(822, 2, 364, 6),
(823, 2, 823, 2),
(824, 2, 824, 3),
(825, 2, 825, 9),
(826, 2, 826, 3),
(827, 2, 827, 3),
(828, 2, 828, 3),
(829, 2, 829, 2),
(830, 2, 23, 1),
(831, 2, 24, 4),
(832, 2, 25, 1),
(833, 2, 26, 24),
(834, 2, 27, 2),
(835, 2, 29, 1),
(836, 2, 30, 3),
(837, 2, 31, 2),
(838, 2, 32, 1),
(839, 2, 33, 1),
(840, 2, 34, 1),
(841, 2, 35, 2),
(842, 2, 36, 3),
(843, 2, 37, 1),
(844, 2, 38, 1),
(845, 2, 39, 1),
(846, 2, 40, 1),
(847, 2, 41, 1),
(848, 2, 42, 1),
(849, 2, 43, 1),
(850, 2, 44, 1),
(851, 2, 45, 1),
(852, 2, 46, 1),
(853, 2, 47, 1),
(854, 2, 49, 2),
(855, 2, 50, 1),
(856, 2, 51, 1),
(857, 2, 52, 3),
(858, 2, 54, 6),
(859, 2, 55, 3),
(860, 2, 56, 4),
(861, 2, 57, 3),
(862, 2, 58, 2),
(863, 2, 59, 2),
(864, 2, 60, 2),
(865, 2, 61, 2),
(866, 2, 62, 3),
(867, 2, 63, 2),
(868, 2, 64, 2),
(869, 2, 65, 2),
(870, 2, 66, 2),
(871, 2, 67, 1),
(872, 2, 68, 7),
(873, 2, 69, 1),
(874, 2, 70, 1),
(875, 2, 71, 2),
(876, 2, 72, 2),
(877, 2, 73, 1),
(878, 2, 74, 2),
(879, 2, 75, 3),
(880, 2, 76, 1),
(881, 2, 77, 1),
(882, 2, 78, 2),
(883, 2, 79, 2),
(884, 2, 80, 1),
(885, 2, 81, 1),
(886, 2, 82, 1),
(887, 2, 83, 1),
(888, 2, 84, 1),
(889, 2, 85, 3),
(890, 2, 86, 1),
(891, 2, 87, 27),
(892, 2, 88, 25),
(893, 2, 89, 28),
(894, 2, 90, 2),
(895, 2, 91, 1),
(896, 2, 92, 1),
(897, 2, 94, 1),
(898, 2, 95, 2),
(899, 2, 97, 1),
(900, 2, 98, 1),
(901, 2, 99, 1),
(902, 2, 100, 1),
(903, 2, 101, 2),
(904, 2, 102, 1),
(905, 2, 103, 1),
(906, 2, 104, 1),
(907, 2, 105, 1),
(908, 2, 106, 4),
(909, 2, 107, 2),
(910, 2, 108, 1),
(911, 2, 109, 1),
(912, 2, 110, 1),
(913, 2, 111, 1),
(914, 2, 112, 4),
(915, 2, 113, 1),
(916, 2, 114, 2),
(917, 2, 115, 1),
(918, 2, 116, 1),
(919, 2, 117, 1),
(920, 2, 118, 1),
(921, 2, 119, 3),
(922, 2, 120, 1),
(923, 2, 121, 1),
(924, 2, 122, 1),
(925, 2, 123, 1),
(926, 2, 124, 1),
(927, 2, 125, 1),
(928, 2, 126, 1),
(929, 2, 127, 1),
(930, 2, 128, 1),
(931, 2, 129, 1),
(932, 2, 130, 1),
(933, 2, 131, 1),
(934, 2, 132, 2),
(935, 2, 133, 1),
(936, 2, 134, 1),
(937, 2, 135, 1),
(938, 2, 136, 1),
(939, 2, 137, 1),
(940, 2, 138, 1),
(941, 2, 139, 1),
(942, 2, 140, 1),
(943, 2, 141, 3),
(944, 2, 142, 2),
(945, 2, 143, 2),
(946, 2, 144, 2),
(947, 2, 145, 2),
(948, 2, 146, 1),
(949, 2, 147, 1),
(950, 2, 148, 1),
(951, 2, 149, 1),
(952, 2, 150, 1),
(953, 2, 151, 1),
(954, 2, 152, 2),
(955, 2, 153, 8),
(956, 2, 154, 1),
(957, 2, 155, 1),
(958, 2, 156, 1),
(959, 2, 157, 1),
(960, 2, 158, 1),
(961, 2, 159, 1),
(962, 2, 160, 1),
(963, 2, 161, 1),
(964, 2, 162, 1),
(965, 2, 163, 1),
(966, 2, 164, 1),
(967, 2, 165, 1),
(968, 2, 166, 1),
(969, 2, 167, 2),
(970, 2, 168, 1),
(971, 2, 169, 1),
(972, 2, 170, 1),
(973, 2, 171, 1),
(974, 2, 172, 1),
(975, 2, 173, 1),
(976, 2, 174, 1),
(977, 2, 175, 1),
(978, 2, 176, 1),
(979, 2, 177, 1),
(980, 2, 178, 1),
(981, 2, 179, 1),
(982, 2, 180, 1),
(983, 2, 181, 1),
(984, 2, 182, 2),
(985, 2, 183, 1),
(986, 2, 184, 5),
(987, 2, 185, 2),
(988, 2, 186, 2),
(989, 2, 187, 2),
(990, 2, 188, 1),
(991, 2, 189, 2),
(992, 2, 190, 1),
(993, 2, 191, 1),
(994, 2, 192, 2),
(995, 2, 193, 1),
(996, 2, 194, 3),
(997, 2, 195, 1),
(998, 2, 196, 1),
(999, 2, 197, 1),
(1000, 2, 198, 1),
(1001, 2, 199, 2),
(1002, 2, 200, 1),
(1003, 2, 201, 1),
(1004, 2, 202, 1),
(1005, 2, 203, 1),
(1006, 2, 204, 3),
(1007, 2, 205, 1),
(1008, 2, 206, 1),
(1009, 2, 207, 1),
(1010, 2, 208, 1),
(1011, 2, 209, 1),
(1012, 2, 210, 1),
(1013, 2, 211, 1),
(1014, 2, 212, 3),
(1015, 2, 213, 1),
(1016, 2, 214, 1),
(1017, 2, 215, 1),
(1018, 2, 216, 1),
(1019, 2, 217, 1),
(1020, 2, 218, 1),
(1021, 2, 219, 4),
(1022, 2, 220, 1),
(1023, 2, 221, 2),
(1024, 2, 222, 2),
(1025, 2, 223, 2),
(1026, 2, 224, 2),
(1027, 2, 225, 2),
(1028, 2, 226, 3),
(1029, 2, 227, 1),
(1030, 2, 228, 1),
(1031, 2, 229, 1),
(1032, 2, 230, 1),
(1033, 2, 231, 1),
(1034, 2, 232, 1),
(1035, 2, 233, 1),
(1036, 2, 234, 1),
(1037, 2, 235, 1),
(1038, 2, 236, 1),
(1039, 2, 237, 5),
(1040, 2, 238, 1),
(1041, 2, 239, 1),
(1042, 2, 240, 1),
(1043, 2, 241, 1),
(1044, 2, 242, 1),
(1045, 2, 243, 1),
(1046, 2, 244, 1),
(1047, 2, 245, 1),
(1048, 2, 246, 3),
(1049, 2, 247, 1),
(1050, 2, 248, 1),
(1051, 2, 249, 1),
(1052, 2, 250, 1),
(1053, 2, 251, 1),
(1054, 2, 252, 1),
(1055, 2, 253, 5),
(1056, 2, 254, 1),
(1057, 2, 255, 6),
(1058, 2, 256, 1),
(1059, 2, 257, 3),
(1060, 2, 258, 4),
(1061, 2, 259, 1),
(1062, 2, 260, 2),
(1063, 2, 261, 3),
(1064, 2, 262, 2),
(1065, 2, 263, 1),
(1066, 2, 264, 2),
(1067, 2, 265, 1),
(1068, 2, 266, 1),
(1069, 2, 267, 1),
(1070, 2, 268, 1),
(1071, 2, 269, 1),
(1072, 2, 7, 3),
(1073, 2, 270, 1),
(1074, 2, 271, 2),
(1075, 2, 272, 2),
(1076, 2, 273, 2),
(1077, 2, 274, 2),
(1078, 2, 275, 2),
(1079, 2, 276, 2),
(1080, 2, 277, 2),
(1081, 2, 278, 3),
(1082, 2, 279, 2),
(1083, 2, 280, 2),
(1084, 2, 281, 2),
(1085, 2, 282, 1),
(1086, 2, 283, 1),
(1087, 2, 284, 1),
(1088, 2, 285, 1),
(1089, 2, 286, 2),
(1090, 2, 287, 5),
(1091, 2, 288, 3),
(1092, 2, 289, 2),
(1093, 2, 290, 1),
(1094, 2, 291, 4),
(1095, 2, 292, 2),
(1096, 2, 293, 2),
(1097, 2, 294, 1),
(1098, 2, 295, 2),
(1099, 2, 296, 1),
(1100, 2, 297, 2),
(1101, 2, 298, 2),
(1102, 2, 299, 2),
(1103, 2, 300, 2),
(1104, 2, 301, 2),
(1105, 2, 302, 1),
(1106, 2, 303, 1),
(1107, 2, 304, 2),
(1108, 2, 305, 1),
(1109, 2, 306, 1),
(1110, 2, 307, 1),
(1111, 2, 308, 1),
(1112, 2, 309, 1),
(1113, 2, 310, 1),
(1114, 2, 311, 1),
(1115, 2, 312, 1),
(1116, 2, 313, 1),
(1117, 2, 314, 1),
(1118, 2, 830, 2),
(1119, 2, 831, 3),
(1120, 2, 832, 1),
(1121, 2, 833, 6),
(1122, 2, 834, 1),
(1123, 2, 835, 1),
(1124, 2, 836, 2),
(1125, 2, 318, 1),
(1126, 2, 837, 2),
(1127, 2, 838, 1),
(1128, 2, 839, 1),
(1129, 2, 323, 3),
(1130, 2, 324, 1),
(1131, 2, 325, 16),
(1132, 2, 326, 14),
(1133, 2, 327, 2),
(1134, 2, 328, 2),
(1135, 2, 840, 3),
(1136, 2, 841, 2),
(1137, 2, 842, 2),
(1138, 2, 843, 3),
(1139, 2, 844, 3),
(1140, 2, 845, 2),
(1141, 2, 374, 4),
(1142, 2, 846, 1),
(1143, 2, 847, 1),
(1144, 2, 848, 1),
(1145, 2, 849, 1),
(1146, 2, 850, 2),
(1147, 2, 851, 1),
(1148, 2, 852, 2),
(1149, 2, 853, 1),
(1150, 2, 854, 2),
(1151, 2, 855, 1),
(1152, 2, 856, 1),
(1153, 2, 857, 1),
(1154, 2, 754, 2),
(1155, 2, 858, 1),
(1156, 2, 315, 1),
(1157, 2, 859, 1),
(1158, 2, 860, 1),
(1159, 2, 861, 1),
(1160, 2, 348, 1),
(1161, 2, 862, 1),
(1162, 2, 863, 2),
(1163, 2, 864, 2),
(1164, 2, 865, 1),
(1165, 2, 866, 1),
(1166, 2, 867, 1),
(1167, 2, 868, 1),
(1168, 2, 869, 1),
(1169, 2, 870, 1),
(1170, 2, 458, 2),
(1171, 2, 871, 4),
(1172, 2, 872, 1),
(1173, 2, 873, 1),
(1174, 2, 874, 1),
(1175, 2, 385, 10),
(1176, 2, 875, 1),
(1177, 2, 876, 1),
(1178, 2, 877, 1),
(1179, 2, 878, 1),
(1180, 2, 879, 1),
(1181, 2, 880, 1),
(1182, 2, 881, 2),
(1183, 2, 882, 2),
(1184, 2, 883, 1),
(1185, 2, 884, 1),
(1186, 2, 885, 1),
(1187, 2, 343, 1),
(1188, 2, 886, 1),
(1189, 2, 887, 1),
(1190, 2, 888, 1),
(1191, 2, 356, 1),
(1192, 2, 889, 1),
(1193, 2, 890, 1),
(1194, 2, 891, 1),
(1195, 2, 892, 1),
(1196, 2, 893, 3),
(1197, 2, 894, 2),
(1198, 2, 895, 1),
(1199, 2, 896, 1),
(1200, 2, 897, 1),
(1201, 2, 898, 2),
(1202, 2, 899, 1),
(1203, 2, 900, 1),
(1204, 2, 901, 1),
(1205, 2, 902, 1),
(1206, 2, 903, 1),
(1207, 2, 904, 1),
(1208, 2, 905, 1),
(1209, 2, 906, 1),
(1210, 2, 907, 1),
(1211, 2, 908, 1),
(1212, 2, 909, 1),
(1213, 2, 782, 2),
(1214, 2, 910, 1),
(1215, 2, 911, 1),
(1216, 2, 912, 1),
(1217, 2, 913, 2),
(1218, 2, 914, 1),
(1219, 2, 915, 1),
(1220, 2, 916, 1),
(1221, 2, 917, 1),
(1222, 2, 918, 1),
(1223, 2, 919, 1),
(1224, 2, 920, 1),
(1225, 2, 921, 1),
(1226, 2, 922, 1),
(1227, 2, 923, 1),
(1228, 2, 924, 1),
(1229, 2, 925, 2),
(1230, 2, 926, 1),
(1231, 2, 927, 1),
(1232, 2, 928, 1),
(1233, 2, 929, 1),
(1234, 2, 930, 2),
(1235, 2, 931, 1),
(1236, 2, 932, 1),
(1237, 2, 933, 1),
(1238, 2, 934, 1),
(1239, 2, 935, 1),
(1240, 2, 936, 1),
(1241, 2, 937, 1),
(1242, 2, 938, 2),
(1243, 2, 939, 3),
(1244, 2, 940, 1),
(1245, 2, 941, 3),
(1246, 2, 942, 1),
(1247, 2, 943, 1),
(1248, 2, 944, 1),
(1249, 2, 945, 1),
(1250, 2, 946, 1),
(1251, 2, 947, 1),
(1252, 2, 948, 1),
(1253, 2, 949, 1),
(1254, 2, 950, 1),
(1255, 2, 951, 1),
(1256, 2, 952, 1),
(1257, 2, 953, 3),
(1258, 2, 954, 2),
(1259, 2, 955, 1),
(1260, 2, 956, 1),
(1261, 2, 957, 2),
(1262, 2, 958, 1),
(1263, 2, 959, 1),
(1264, 2, 960, 1),
(1265, 2, 961, 1),
(1266, 2, 630, 1),
(1267, 2, 962, 1),
(1268, 2, 658, 2),
(1269, 2, 963, 2),
(1270, 2, 964, 2),
(1271, 2, 965, 1),
(1272, 2, 736, 2),
(1273, 2, 966, 1),
(1274, 2, 967, 2),
(1275, 2, 968, 2),
(1276, 2, 969, 1),
(1277, 2, 970, 1),
(1278, 2, 971, 1),
(1279, 2, 972, 1),
(1280, 2, 973, 1),
(1281, 2, 974, 1),
(1282, 2, 446, 1),
(1283, 2, 670, 1),
(1284, 2, 975, 1),
(1285, 2, 976, 1),
(1286, 2, 977, 1),
(1287, 2, 978, 1),
(1288, 2, 979, 1),
(1289, 2, 980, 1),
(1290, 2, 981, 2),
(1291, 2, 982, 1),
(1292, 2, 983, 1),
(1293, 2, 984, 1),
(1294, 2, 985, 1),
(1295, 2, 986, 1),
(1296, 2, 987, 1),
(1297, 2, 988, 2),
(1298, 2, 989, 2),
(1299, 2, 990, 2),
(1300, 2, 991, 3),
(1301, 2, 992, 2),
(1302, 2, 530, 1),
(1303, 2, 531, 1),
(1304, 2, 993, 1),
(1305, 2, 994, 1),
(1306, 2, 995, 1),
(1307, 2, 996, 1),
(1308, 2, 997, 1),
(1309, 2, 998, 1),
(1310, 2, 999, 1),
(1311, 2, 1000, 1),
(1312, 2, 1001, 1),
(1313, 2, 1002, 1),
(1314, 2, 1003, 1),
(1315, 2, 1004, 1),
(1316, 2, 1005, 1),
(1317, 2, 1006, 1),
(1318, 2, 1007, 1),
(1319, 2, 1008, 1),
(1320, 2, 1009, 1),
(1321, 2, 1010, 1),
(1322, 2, 1011, 1),
(1323, 2, 1012, 1),
(1324, 2, 1013, 2),
(1325, 2, 1014, 1),
(1326, 2, 433, 1),
(1327, 2, 1015, 1),
(1328, 2, 1016, 1),
(1329, 2, 1017, 1),
(1330, 2, 1018, 1),
(1331, 2, 1019, 1),
(1332, 2, 1020, 1),
(1333, 2, 1021, 1),
(1334, 2, 1022, 1),
(1335, 2, 1023, 1),
(1336, 2, 1024, 1),
(1337, 2, 1025, 1),
(1338, 2, 1026, 1),
(1339, 2, 1027, 1),
(1340, 2, 1028, 1),
(1341, 2, 1029, 1),
(1342, 2, 1030, 1),
(1343, 2, 1031, 1),
(1344, 2, 1032, 1),
(1345, 2, 1033, 1),
(1346, 2, 1034, 1),
(1347, 2, 1035, 1),
(1348, 2, 1036, 1),
(1349, 2, 1037, 1),
(1350, 2, 1038, 1),
(1351, 2, 1039, 1),
(1352, 2, 1040, 1),
(1353, 2, 1041, 1),
(1354, 2, 1042, 1),
(1355, 2, 1043, 1),
(1356, 2, 1044, 2),
(1357, 2, 1045, 1),
(1358, 2, 430, 1),
(1359, 2, 1046, 1),
(1360, 2, 1047, 1),
(1361, 2, 1048, 1),
(1362, 2, 1049, 1),
(1363, 2, 1050, 1),
(1364, 2, 1051, 1),
(1365, 2, 1052, 1),
(1366, 2, 1053, 1),
(1367, 2, 1054, 1),
(1368, 2, 1055, 1),
(1369, 2, 1056, 1),
(1370, 2, 1057, 1),
(1371, 2, 1058, 1),
(1372, 2, 1059, 1),
(1373, 2, 346, 1),
(1374, 2, 1060, 1),
(1375, 2, 1061, 1),
(1376, 2, 1062, 1),
(1377, 2, 1063, 1),
(1378, 2, 1064, 1),
(1379, 2, 1065, 1),
(1380, 2, 1066, 1),
(1381, 2, 1067, 1),
(1382, 2, 1068, 1),
(1383, 2, 1069, 1),
(1384, 2, 1070, 1),
(1385, 2, 673, 1),
(1386, 2, 674, 1),
(1387, 2, 675, 1),
(1388, 2, 319, 1),
(1389, 2, 676, 1),
(1390, 2, 679, 2),
(1391, 2, 680, 1),
(1392, 2, 681, 1),
(1393, 2, 682, 1),
(1394, 2, 701, 1),
(1395, 2, 702, 1),
(1396, 2, 703, 1),
(1397, 2, 683, 2),
(1398, 2, 685, 1),
(1399, 2, 686, 1),
(1400, 2, 687, 1),
(1401, 2, 704, 1),
(1402, 2, 691, 2),
(1403, 2, 692, 1),
(1404, 2, 693, 1),
(1405, 2, 694, 1),
(1406, 2, 695, 1),
(1407, 2, 705, 1),
(1408, 2, 706, 1),
(1409, 2, 707, 1),
(1410, 2, 708, 1),
(1411, 2, 709, 1),
(1412, 2, 696, 1),
(1413, 2, 697, 1),
(1414, 2, 698, 1),
(1415, 2, 699, 1),
(1416, 2, 700, 1),
(1417, 2, 688, 1),
(1418, 2, 689, 1),
(1419, 2, 710, 6),
(1420, 2, 711, 3),
(1421, 2, 712, 2),
(1422, 2, 713, 1),
(1423, 2, 366, 4),
(1424, 2, 714, 2),
(1425, 2, 715, 3),
(1426, 2, 716, 1),
(1427, 2, 717, 1),
(1428, 2, 718, 1),
(1429, 2, 719, 1),
(1430, 2, 720, 1),
(1431, 2, 721, 1),
(1432, 2, 722, 1),
(1433, 2, 723, 1),
(1434, 2, 724, 1),
(1435, 2, 725, 1),
(1436, 2, 726, 1),
(1437, 2, 727, 1),
(1438, 2, 728, 1),
(1439, 2, 729, 1),
(1440, 2, 730, 1),
(1441, 2, 351, 1),
(1442, 2, 731, 1),
(1443, 2, 732, 1),
(1444, 2, 733, 1),
(1445, 2, 734, 1),
(1446, 2, 735, 1),
(1447, 2, 737, 1),
(1448, 2, 738, 1),
(1449, 2, 481, 1),
(1450, 2, 739, 1),
(1451, 2, 740, 1),
(1452, 2, 741, 1),
(1453, 2, 742, 1),
(1454, 2, 743, 1),
(1455, 2, 744, 1),
(1456, 2, 745, 1),
(1457, 2, 746, 1),
(1458, 2, 747, 2),
(1459, 2, 748, 1),
(1460, 2, 749, 1),
(1461, 2, 750, 1),
(1462, 2, 751, 1),
(1463, 2, 752, 1),
(1464, 2, 753, 1),
(1465, 2, 1071, 1),
(1466, 2, 755, 1),
(1467, 2, 624, 1),
(1468, 2, 1072, 1),
(1469, 2, 1073, 1),
(1470, 2, 1074, 1),
(1471, 2, 1075, 1),
(1472, 2, 1076, 1),
(1473, 2, 1077, 1),
(1474, 2, 1078, 1),
(1475, 2, 419, 1),
(1476, 2, 1079, 1),
(1477, 2, 1080, 1),
(1478, 2, 1081, 1),
(1479, 2, 763, 1),
(1480, 2, 764, 1),
(1481, 2, 765, 1),
(1482, 2, 766, 1),
(1483, 2, 767, 1),
(1484, 2, 768, 1),
(1485, 2, 769, 1),
(1486, 2, 770, 1),
(1487, 2, 771, 1),
(1488, 2, 772, 1),
(1489, 2, 773, 1),
(1490, 2, 774, 1),
(1491, 2, 775, 1),
(1492, 2, 602, 1),
(1493, 2, 513, 1),
(1494, 2, 776, 1),
(1495, 2, 777, 1),
(1496, 2, 778, 1),
(1497, 2, 779, 1),
(1498, 2, 780, 1),
(1499, 2, 387, 1),
(1500, 2, 781, 1),
(1501, 2, 783, 1),
(1502, 2, 784, 1),
(1503, 2, 785, 1),
(1504, 2, 786, 1),
(1505, 2, 787, 1),
(1506, 2, 788, 1),
(1507, 2, 789, 1),
(1508, 2, 791, 1),
(1509, 2, 1082, 5),
(1510, 2, 792, 1),
(1511, 2, 793, 1),
(1512, 2, 794, 2),
(1513, 2, 795, 1),
(1514, 2, 797, 1),
(1515, 2, 798, 1),
(1516, 2, 799, 1),
(1517, 2, 800, 1),
(1518, 2, 801, 1),
(1519, 2, 1085, 1),
(1520, 2, 1086, 1),
(1521, 3, 1087, 17),
(1522, 3, 1088, 14),
(1523, 3, 1089, 18),
(1524, 3, 1090, 14),
(1525, 3, 1091, 6),
(1526, 3, 1092, 3),
(1527, 3, 28, 24),
(1528, 3, 1093, 3),
(1529, 3, 1094, 3),
(1530, 3, 1095, 3),
(1531, 3, 7, 15),
(1532, 3, 315, 15),
(1533, 3, 1096, 2),
(1534, 3, 174, 5),
(1535, 3, 1097, 2),
(1536, 3, 1098, 2),
(1537, 3, 1099, 3),
(1538, 3, 1080, 2),
(1539, 3, 1100, 1),
(1540, 3, 354, 1),
(1541, 3, 1101, 6),
(1542, 3, 735, 5),
(1543, 3, 1102, 2),
(1544, 3, 446, 1),
(1545, 3, 1103, 1),
(1546, 3, 1104, 2),
(1547, 3, 1105, 2),
(1548, 3, 298, 2),
(1549, 3, 1106, 1),
(1550, 3, 414, 6),
(1551, 3, 1107, 3),
(1552, 3, 1108, 2),
(1553, 3, 1109, 9),
(1554, 3, 1110, 1),
(1555, 3, 1111, 6),
(1556, 3, 1112, 2),
(1557, 3, 1113, 1),
(1558, 3, 1114, 4),
(1559, 3, 780, 1),
(1560, 3, 1115, 4),
(1561, 3, 697, 3),
(1562, 3, 1116, 2),
(1563, 3, 1117, 4),
(1564, 3, 1118, 2),
(1565, 3, 1119, 3),
(1566, 3, 1120, 1),
(1567, 3, 36, 4),
(1568, 3, 1121, 1),
(1569, 3, 1122, 2),
(1570, 3, 2, 1),
(1571, 3, 1123, 1),
(1572, 3, 1124, 4),
(1573, 3, 1125, 3),
(1574, 3, 259, 2),
(1575, 3, 1126, 2),
(1576, 3, 185, 3),
(1577, 3, 1127, 1),
(1578, 3, 1128, 4),
(1579, 3, 1129, 1),
(1580, 3, 464, 1),
(1581, 3, 1130, 3),
(1582, 3, 1131, 2),
(1583, 3, 1132, 6),
(1584, 3, 1133, 2),
(1585, 3, 1134, 4),
(1586, 3, 1135, 1),
(1587, 3, 1136, 2),
(1588, 3, 754, 1),
(1589, 3, 1137, 3),
(1590, 3, 1138, 2),
(1591, 3, 1139, 2),
(1592, 3, 1140, 2),
(1593, 3, 1141, 2),
(1594, 3, 304, 2),
(1595, 3, 1142, 2),
(1596, 3, 1143, 1),
(1597, 3, 1144, 2),
(1598, 3, 1145, 3),
(1599, 3, 1146, 2),
(1600, 3, 1147, 2),
(1601, 3, 1148, 2),
(1602, 3, 187, 6),
(1603, 3, 1149, 2),
(1604, 3, 1150, 2),
(1605, 3, 1151, 3),
(1606, 3, 1152, 3),
(1607, 3, 1153, 2),
(1608, 3, 1154, 2),
(1609, 3, 1155, 2),
(1610, 3, 1156, 2),
(1611, 3, 1157, 1),
(1612, 3, 184, 2),
(1613, 3, 1158, 1),
(1614, 3, 226, 2),
(1615, 3, 1159, 2),
(1616, 3, 1160, 1),
(1617, 3, 840, 4),
(1618, 3, 1161, 2),
(1619, 3, 1162, 1),
(1620, 3, 1163, 2),
(1621, 3, 664, 1),
(1622, 3, 360, 1),
(1623, 3, 1164, 1),
(1624, 3, 763, 1),
(1625, 3, 1165, 1),
(1626, 3, 119, 2),
(1627, 3, 1166, 3),
(1628, 3, 1167, 3),
(1629, 3, 1168, 2),
(1630, 3, 1169, 3),
(1631, 3, 1170, 3),
(1632, 3, 1171, 1),
(1633, 3, 365, 1),
(1634, 3, 1172, 1),
(1635, 3, 1174, 1),
(1636, 3, 837, 2),
(1637, 3, 1175, 2),
(1638, 3, 1176, 2),
(1639, 3, 1177, 1),
(1640, 3, 1178, 3),
(1641, 3, 1179, 1),
(1642, 3, 1180, 1),
(1643, 3, 1181, 1),
(1644, 3, 1182, 2),
(1645, 3, 1183, 2),
(1646, 3, 1184, 1),
(1647, 3, 1185, 1),
(1648, 3, 1186, 1),
(1649, 3, 1187, 3),
(1650, 3, 1188, 3),
(1651, 3, 1189, 3),
(1652, 3, 1190, 3),
(1653, 3, 1191, 3),
(1654, 3, 1192, 5),
(1655, 3, 522, 6),
(1656, 3, 1193, 1),
(1657, 3, 525, 1),
(1658, 3, 1194, 1),
(1659, 3, 1196, 1),
(1660, 3, 1197, 1),
(1661, 3, 1198, 1),
(1662, 3, 1199, 1),
(1663, 3, 1200, 1),
(1664, 3, 1201, 2),
(1665, 3, 1202, 2),
(1666, 3, 1203, 2),
(1667, 3, 1204, 1),
(1668, 3, 1205, 1),
(1669, 3, 1206, 1),
(1670, 3, 1207, 1),
(1671, 3, 1208, 1),
(1672, 3, 319, 2),
(1673, 3, 1209, 1),
(1674, 3, 1210, 1),
(1675, 3, 1211, 1),
(1676, 3, 233, 1),
(1677, 3, 1212, 1),
(1678, 3, 1213, 1),
(1679, 3, 129, 1),
(1680, 3, 112, 4),
(1681, 3, 1214, 1),
(1682, 3, 1215, 1),
(1683, 3, 1216, 1),
(1684, 3, 192, 1),
(1685, 3, 1217, 1),
(1686, 3, 1218, 1),
(1687, 3, 1219, 1),
(1688, 3, 1220, 1),
(1689, 3, 1221, 1),
(1690, 3, 1222, 1),
(1691, 3, 1223, 1),
(1692, 3, 1224, 1),
(1693, 3, 1225, 2),
(1694, 3, 397, 1),
(1695, 3, 1226, 1),
(1696, 3, 716, 1),
(1697, 3, 1227, 1),
(1698, 3, 1228, 1),
(1699, 3, 1229, 1),
(1700, 3, 1230, 1),
(1701, 3, 1231, 1),
(1702, 3, 1232, 1),
(1703, 3, 1233, 1),
(1704, 3, 1234, 1),
(1705, 3, 1235, 1),
(1706, 3, 1236, 1),
(1707, 3, 1237, 1),
(1708, 3, 1238, 1),
(1709, 3, 1239, 1),
(1710, 3, 218, 1),
(1711, 3, 1240, 1),
(1712, 3, 1241, 1),
(1713, 3, 623, 1),
(1714, 3, 1242, 1),
(1715, 3, 21, 1),
(1716, 3, 1243, 1),
(1717, 3, 300, 1),
(1718, 3, 1244, 1),
(1719, 3, 1245, 3),
(1720, 3, 1246, 1),
(1721, 3, 1247, 1),
(1722, 3, 537, 1),
(1723, 3, 1248, 1),
(1724, 3, 1249, 1),
(1725, 3, 1250, 1),
(1726, 3, 1251, 1),
(1727, 3, 1252, 3),
(1728, 3, 1253, 1),
(1729, 3, 1254, 1),
(1730, 3, 1256, 3),
(1731, 3, 1257, 1),
(1732, 3, 255, 1),
(1733, 3, 1258, 1),
(1734, 3, 1259, 5),
(1735, 3, 291, 2),
(1736, 3, 771, 1),
(1737, 3, 1260, 1),
(1738, 3, 670, 1),
(1739, 3, 1261, 1),
(1740, 3, 997, 1),
(1741, 3, 1262, 1),
(1742, 3, 1263, 1),
(1743, 3, 1264, 1),
(1744, 3, 1265, 1),
(1745, 3, 1266, 1),
(1746, 3, 1267, 1),
(1747, 3, 1268, 1),
(1748, 3, 1269, 1),
(1749, 3, 1271, 1),
(1750, 3, 1272, 1),
(1751, 3, 1273, 1),
(1752, 3, 1274, 1),
(1753, 3, 1275, 1),
(1754, 3, 1276, 1),
(1755, 3, 813, 1),
(1756, 3, 1277, 1),
(1757, 3, 1278, 3),
(1758, 3, 1279, 1),
(1759, 3, 1280, 2),
(1760, 3, 210, 1),
(1761, 3, 1281, 2),
(1762, 3, 1282, 1),
(1763, 3, 1283, 1),
(1764, 3, 1284, 1),
(1765, 3, 430, 2),
(1766, 3, 1285, 1),
(1767, 3, 1286, 1),
(1768, 3, 1287, 1),
(1769, 3, 1288, 1),
(1770, 3, 1289, 1),
(1771, 3, 1290, 1),
(1772, 3, 1291, 1),
(1773, 3, 1292, 1),
(1774, 3, 1293, 1),
(1775, 3, 1294, 1),
(1776, 3, 761, 1),
(1777, 3, 1046, 1),
(1778, 3, 1295, 1),
(1779, 3, 1296, 1),
(1780, 3, 1297, 1),
(1781, 3, 1298, 1),
(1782, 3, 1299, 1),
(1783, 3, 1300, 1),
(1784, 3, 1301, 1),
(1785, 3, 1302, 1),
(1786, 3, 1303, 1),
(1787, 3, 344, 1),
(1788, 3, 1304, 1),
(1789, 3, 1305, 1),
(1790, 3, 1306, 1),
(1791, 3, 1307, 1),
(1792, 3, 1308, 1),
(1793, 3, 1309, 1),
(1794, 3, 1310, 1),
(1795, 3, 1311, 1),
(1796, 3, 1312, 1),
(1797, 3, 1313, 1),
(1798, 3, 1314, 1),
(1799, 3, 1315, 1),
(1800, 3, 1316, 1),
(1801, 3, 1317, 1),
(1802, 3, 1318, 1),
(1803, 3, 1319, 1),
(1804, 3, 1320, 1),
(1805, 3, 1321, 1),
(1806, 3, 591, 1),
(1807, 3, 38, 2),
(1808, 3, 1322, 1),
(1809, 3, 1323, 1),
(1810, 3, 1324, 1),
(1811, 3, 412, 1),
(1812, 3, 1325, 1),
(1813, 3, 1326, 1),
(1814, 3, 1327, 1),
(1815, 3, 912, 1),
(1816, 3, 652, 1),
(1817, 3, 1328, 1),
(1818, 3, 1329, 1),
(1819, 3, 762, 1),
(1820, 3, 1330, 2),
(1821, 3, 1331, 1),
(1822, 3, 1332, 1),
(1823, 3, 1333, 1),
(1824, 3, 169, 1),
(1825, 3, 1334, 1),
(1826, 3, 1335, 1),
(1827, 3, 1336, 1),
(1828, 3, 334, 1),
(1829, 3, 1337, 1),
(1830, 3, 1338, 1),
(1831, 3, 1339, 1),
(1832, 3, 1340, 1),
(1833, 3, 1341, 1),
(1834, 3, 1342, 1),
(1835, 3, 1343, 1),
(1836, 3, 1344, 1),
(1837, 3, 39, 1),
(1838, 3, 1345, 1),
(1839, 3, 1346, 1),
(1840, 3, 346, 2),
(1841, 3, 1347, 1),
(1842, 3, 331, 1),
(1843, 3, 1348, 1),
(1844, 3, 1349, 1),
(1845, 3, 1350, 1),
(1846, 3, 1351, 1),
(1847, 3, 1352, 1),
(1848, 3, 1353, 1),
(1849, 3, 1354, 1),
(1850, 3, 1356, 1),
(1851, 3, 1357, 1),
(1852, 3, 1358, 2),
(1853, 3, 1359, 2),
(1854, 3, 1360, 1),
(1855, 3, 1361, 1),
(1856, 3, 1362, 1),
(1857, 3, 1363, 2),
(1858, 3, 1364, 2),
(1859, 3, 1365, 2),
(1860, 3, 1366, 2),
(1861, 3, 374, 1),
(1862, 3, 1367, 2),
(1863, 3, 1368, 1),
(1864, 3, 1369, 1),
(1865, 3, 1370, 1),
(1866, 3, 1069, 1),
(1867, 3, 1371, 1),
(1868, 3, 599, 1),
(1869, 3, 1372, 1),
(1870, 3, 378, 1),
(1871, 3, 1373, 1),
(1872, 3, 1374, 1),
(1873, 3, 1375, 1),
(1874, 3, 1376, 1),
(1875, 3, 1377, 1),
(1876, 3, 33, 1),
(1877, 3, 1378, 1),
(1878, 3, 1379, 1),
(1879, 3, 1380, 1),
(1880, 3, 1381, 1),
(1881, 3, 745, 1),
(1882, 3, 1382, 1),
(1883, 3, 1383, 41),
(1884, 3, 1384, 1),
(1885, 3, 1385, 1),
(1886, 3, 1386, 1),
(1887, 3, 280, 1),
(1888, 3, 779, 1),
(1889, 3, 1387, 2),
(1890, 3, 270, 1),
(1891, 3, 903, 1),
(1892, 3, 1388, 1),
(1893, 3, 145, 1),
(1894, 3, 1389, 1),
(1895, 3, 786, 1),
(1896, 3, 1390, 1),
(1897, 3, 1391, 1),
(1898, 3, 1392, 1),
(1899, 3, 1393, 1),
(1900, 3, 725, 1),
(1901, 3, 1394, 1),
(1902, 3, 1395, 1),
(1903, 3, 1396, 1),
(1904, 3, 1397, 1),
(1905, 3, 1398, 1),
(1906, 3, 1399, 1),
(1907, 3, 1400, 1),
(1908, 3, 1401, 1),
(1909, 3, 1402, 1),
(1910, 3, 1403, 2),
(1911, 3, 1404, 1),
(1912, 3, 1405, 2),
(1913, 3, 1406, 1),
(1914, 3, 1407, 1),
(1915, 3, 1408, 1),
(1916, 3, 1410, 1),
(1917, 3, 1411, 1),
(1918, 3, 1412, 1),
(1919, 3, 1413, 1),
(1920, 3, 1414, 1),
(1921, 3, 1415, 1),
(1922, 3, 1416, 1),
(1923, 4, 1417, 194),
(1924, 4, 1418, 3),
(1925, 4, 1419, 3),
(1926, 4, 1420, 1),
(1927, 4, 1421, 2),
(1928, 4, 1422, 3),
(1929, 4, 1423, 1),
(1930, 4, 1424, 1),
(1931, 4, 1425, 1),
(1932, 4, 1426, 1),
(1933, 4, 1391, 2),
(1934, 4, 1427, 1),
(1935, 4, 1428, 1),
(1936, 4, 1429, 1),
(1937, 4, 30, 1),
(1938, 4, 25, 2),
(1939, 4, 1430, 1),
(1940, 4, 1431, 1),
(1941, 4, 1432, 1),
(1942, 4, 530, 1),
(1943, 4, 1433, 1),
(1944, 4, 1434, 1),
(1945, 4, 1435, 1),
(1946, 4, 1436, 2),
(1947, 4, 1437, 3),
(1948, 4, 1438, 1),
(1949, 4, 1439, 1),
(1950, 4, 1440, 1),
(1951, 4, 1441, 1),
(1952, 4, 1442, 1),
(1953, 4, 1443, 1),
(1954, 4, 1444, 1),
(1955, 4, 1445, 1),
(1956, 4, 1446, 1),
(1957, 4, 1447, 1),
(1958, 4, 631, 2),
(1959, 4, 1448, 1),
(1960, 4, 1449, 1),
(1961, 4, 1450, 1),
(1962, 4, 737, 3),
(1963, 4, 1451, 2),
(1964, 4, 1452, 4),
(1965, 4, 1453, 3),
(1966, 4, 1454, 2),
(1967, 4, 1455, 1),
(1968, 4, 1456, 1),
(1969, 4, 1457, 1),
(1970, 4, 1458, 1),
(1971, 4, 1459, 1),
(1972, 4, 1460, 4),
(1973, 4, 1461, 1),
(1974, 4, 1462, 1),
(1975, 4, 1463, 7),
(1976, 4, 1464, 2),
(1977, 4, 1465, 3),
(1978, 4, 1466, 1),
(1979, 4, 1467, 2),
(1980, 4, 1468, 1),
(1981, 4, 1469, 1),
(1982, 4, 1470, 1),
(1983, 4, 1471, 1),
(1984, 4, 1472, 1),
(1985, 4, 1473, 1),
(1986, 4, 1474, 1),
(1987, 4, 1475, 1),
(1988, 4, 1476, 1),
(1989, 4, 1477, 1),
(1990, 4, 1478, 1),
(1991, 4, 1479, 1),
(1992, 4, 1480, 1),
(1993, 4, 1481, 1),
(1994, 4, 1482, 1),
(1995, 4, 1483, 1),
(1996, 4, 1484, 3),
(1997, 4, 1485, 2),
(1998, 4, 1486, 1),
(1999, 4, 1487, 4),
(2000, 4, 1488, 24),
(2001, 4, 1489, 5),
(2002, 4, 1490, 1),
(2003, 4, 1491, 6),
(2004, 4, 1492, 13),
(2005, 4, 1493, 3),
(2006, 4, 1494, 11),
(2007, 4, 1495, 1),
(2008, 4, 1496, 1),
(2009, 4, 1497, 5),
(2010, 4, 1498, 7),
(2011, 4, 1499, 4),
(2012, 4, 1500, 14),
(2013, 4, 1501, 1),
(2014, 4, 1502, 1),
(2015, 4, 1503, 2),
(2016, 4, 1504, 1),
(2017, 4, 1505, 1),
(2018, 4, 1506, 2),
(2019, 4, 1507, 1),
(2020, 4, 1508, 3),
(2021, 4, 1509, 3),
(2022, 4, 1510, 7),
(2023, 4, 1511, 2),
(2024, 4, 1512, 1),
(2025, 4, 1513, 1),
(2026, 4, 1514, 2),
(2027, 4, 1515, 2),
(2028, 4, 1516, 2),
(2029, 4, 1517, 1),
(2030, 4, 1518, 1),
(2031, 4, 1519, 2),
(2032, 4, 1520, 1),
(2033, 4, 1521, 1),
(2034, 4, 1522, 1),
(2035, 4, 1523, 1),
(2036, 4, 1524, 1),
(2037, 4, 1525, 1),
(2038, 4, 1526, 1),
(2039, 4, 1527, 1),
(2040, 4, 1528, 1),
(2041, 4, 1529, 1),
(2042, 4, 1530, 1),
(2043, 4, 1531, 1),
(2044, 4, 1532, 1),
(2045, 4, 1533, 1),
(2046, 4, 1534, 1),
(2047, 4, 1535, 4),
(2048, 4, 1536, 2),
(2049, 4, 1537, 6),
(2050, 4, 1538, 1),
(2051, 4, 1539, 1),
(2052, 4, 1540, 1),
(2053, 4, 1541, 1),
(2054, 4, 1542, 2),
(2055, 4, 1543, 1),
(2056, 4, 1544, 1),
(2057, 4, 1545, 1),
(2058, 4, 1546, 1),
(2059, 4, 1547, 1),
(2060, 4, 1548, 1),
(2061, 4, 1549, 2),
(2062, 4, 1550, 1),
(2063, 4, 1551, 1),
(2064, 4, 1552, 1),
(2065, 4, 1553, 1),
(2066, 4, 1554, 1),
(2067, 4, 1555, 1),
(2068, 4, 1556, 1),
(2069, 4, 1557, 1),
(2070, 4, 1558, 1),
(2071, 4, 1559, 1),
(2072, 4, 1560, 2),
(2073, 4, 1561, 1),
(2074, 4, 1562, 1),
(2075, 4, 1563, 1),
(2076, 4, 1564, 1),
(2077, 4, 1565, 1),
(2078, 4, 1566, 1),
(2079, 4, 1567, 1),
(2080, 4, 1568, 1),
(2081, 4, 1569, 1),
(2082, 4, 1570, 1),
(2083, 4, 1571, 1),
(2084, 4, 1572, 1),
(2085, 4, 1573, 1),
(2086, 4, 1574, 1),
(2087, 4, 1575, 1),
(2088, 4, 1576, 1),
(2089, 4, 1577, 1),
(2090, 4, 1578, 1),
(2091, 4, 1579, 1),
(2092, 4, 1580, 1),
(2093, 4, 1581, 4),
(2094, 4, 1582, 1),
(2095, 4, 1583, 1),
(2096, 4, 1584, 1),
(2097, 4, 1585, 2),
(2098, 4, 1586, 2),
(2099, 4, 1587, 1),
(2100, 4, 1588, 1),
(2101, 4, 1589, 1),
(2102, 4, 1590, 1),
(2103, 4, 1591, 1),
(2104, 4, 1592, 3),
(2105, 4, 1593, 2),
(2106, 4, 1594, 4),
(2107, 4, 1595, 3),
(2108, 4, 1596, 1),
(2109, 4, 1597, 1),
(2110, 4, 1598, 1),
(2111, 4, 1599, 1),
(2112, 4, 1600, 1),
(2113, 4, 1601, 1),
(2114, 4, 1602, 1),
(2115, 4, 1603, 1),
(2116, 4, 1604, 1),
(2117, 4, 1605, 1),
(2118, 4, 1606, 1),
(2119, 4, 1607, 1),
(2120, 4, 1608, 1),
(2121, 4, 1609, 1),
(2122, 4, 1610, 1),
(2123, 4, 1611, 1),
(2124, 4, 1612, 1),
(2125, 4, 1613, 1),
(2126, 4, 1614, 1),
(2127, 4, 1615, 1),
(2128, 4, 1616, 1),
(2129, 4, 1617, 1),
(2130, 4, 1618, 2),
(2131, 4, 1619, 1),
(2132, 4, 1620, 1),
(2133, 4, 1621, 2),
(2134, 4, 1622, 1),
(2135, 4, 1623, 1),
(2136, 4, 1624, 1),
(2137, 4, 1625, 1),
(2138, 4, 1626, 1),
(2139, 4, 1627, 2),
(2140, 4, 1628, 1),
(2141, 4, 1629, 3),
(2142, 4, 1630, 2),
(2143, 4, 1631, 1),
(2144, 4, 1632, 1),
(2145, 4, 1633, 1),
(2146, 4, 1634, 1),
(2147, 4, 1635, 1),
(2148, 4, 1636, 1),
(2149, 4, 1637, 1),
(2150, 4, 1638, 4),
(2151, 4, 1639, 1),
(2152, 4, 1640, 1),
(2153, 4, 1641, 1),
(2154, 4, 1642, 1),
(2155, 4, 1643, 1),
(2156, 4, 1644, 1),
(2157, 4, 1645, 2),
(2158, 4, 1646, 1),
(2159, 4, 1647, 1),
(2160, 4, 1648, 1),
(2161, 4, 1649, 1),
(2162, 4, 1650, 1),
(2163, 4, 1651, 1),
(2164, 4, 1652, 1),
(2165, 4, 1653, 1),
(2166, 4, 1654, 1),
(2167, 4, 1655, 1),
(2168, 4, 1656, 1),
(2169, 4, 1657, 1),
(2170, 4, 1658, 2),
(2171, 4, 1659, 3),
(2172, 4, 1660, 1),
(2173, 4, 1661, 1),
(2174, 4, 1662, 1),
(2175, 4, 1663, 2),
(2176, 4, 1664, 1),
(2177, 4, 1665, 1),
(2178, 4, 1666, 1),
(2179, 4, 1667, 2),
(2180, 4, 1668, 1),
(2181, 4, 1669, 2),
(2182, 4, 1670, 1),
(2183, 4, 1671, 1),
(2184, 4, 1672, 1),
(2185, 4, 1673, 1),
(2186, 4, 1674, 1),
(2187, 4, 1675, 1),
(2188, 4, 1676, 1),
(2189, 4, 1677, 1),
(2190, 4, 1678, 1),
(2191, 4, 1679, 1),
(2192, 4, 1680, 1),
(2193, 4, 1681, 1),
(2194, 4, 1682, 1),
(2195, 4, 1683, 1),
(2196, 4, 1684, 1),
(2197, 4, 1685, 1),
(2198, 4, 1686, 1),
(2199, 4, 1687, 2),
(2200, 4, 1688, 1),
(2201, 4, 1689, 1),
(2202, 4, 1690, 2),
(2203, 4, 1691, 3),
(2204, 4, 1692, 1),
(2205, 4, 1693, 2),
(2206, 4, 1694, 1),
(2207, 4, 1695, 1),
(2208, 4, 1696, 1),
(2209, 4, 1697, 1),
(2210, 4, 1698, 1),
(2211, 4, 1699, 1),
(2212, 4, 1700, 2),
(2213, 4, 1701, 2),
(2214, 4, 1702, 1),
(2215, 4, 1703, 1),
(2216, 4, 1704, 1),
(2217, 4, 1705, 2),
(2218, 4, 1706, 1),
(2219, 4, 1707, 1),
(2220, 4, 1708, 1),
(2221, 4, 1709, 1),
(2222, 4, 1710, 1),
(2223, 4, 1711, 1),
(2224, 4, 1712, 1),
(2225, 4, 1713, 1),
(2226, 4, 1714, 1),
(2227, 4, 1715, 1),
(2228, 4, 1716, 1),
(2229, 4, 1717, 1),
(2230, 4, 1718, 1),
(2231, 4, 1719, 1),
(2232, 4, 1720, 1),
(2233, 4, 1721, 1),
(2234, 4, 1722, 2),
(2235, 4, 1723, 1),
(2236, 4, 1724, 2),
(2237, 4, 1725, 1),
(2238, 4, 1726, 1),
(2239, 4, 1727, 1),
(2240, 4, 1728, 1),
(2241, 4, 1729, 1),
(2242, 4, 1730, 1),
(2243, 4, 1731, 1),
(2244, 4, 1732, 2),
(2245, 4, 1733, 1),
(2246, 4, 1734, 1),
(2247, 4, 1735, 1),
(2248, 4, 1736, 1),
(2249, 4, 1737, 1),
(2250, 4, 1738, 1),
(2251, 4, 1739, 1),
(2252, 4, 1740, 1),
(2253, 4, 1741, 1),
(2254, 4, 1742, 1),
(2255, 4, 1743, 1),
(2256, 4, 1744, 1),
(2257, 4, 1745, 1),
(2258, 4, 1746, 1),
(2259, 4, 1747, 1),
(2260, 4, 1748, 1),
(2261, 4, 1749, 1),
(2262, 4, 1750, 1),
(2263, 4, 1751, 1),
(2264, 4, 1752, 1),
(2265, 4, 1753, 1),
(2266, 4, 745, 1),
(2267, 4, 1754, 1),
(2268, 4, 1755, 1),
(2269, 4, 1756, 1),
(2270, 4, 355, 5),
(2271, 4, 1757, 1),
(2272, 4, 1758, 1),
(2273, 4, 1759, 1),
(2274, 4, 1760, 1),
(2275, 4, 237, 1),
(2276, 4, 1761, 1),
(2277, 4, 1762, 1),
(2278, 4, 1763, 1),
(2279, 4, 1764, 2),
(2280, 4, 1765, 4),
(2281, 4, 1766, 2),
(2282, 4, 1767, 1),
(2283, 4, 1768, 1),
(2284, 4, 310, 3),
(2285, 4, 1769, 1),
(2286, 4, 1770, 2),
(2287, 4, 1771, 1),
(2288, 4, 1772, 5),
(2289, 4, 1773, 2),
(2290, 4, 1774, 1),
(2291, 4, 1775, 2),
(2292, 4, 1776, 1),
(2293, 4, 1777, 3),
(2294, 4, 1778, 7),
(2295, 4, 1779, 1),
(2296, 4, 1780, 2),
(2297, 4, 1781, 3),
(2298, 4, 1782, 1),
(2299, 4, 1783, 12),
(2300, 4, 1784, 7),
(2301, 4, 1785, 1),
(2302, 4, 1401, 6),
(2303, 4, 1786, 1),
(2304, 4, 87, 10),
(2305, 4, 1787, 1),
(2306, 4, 1788, 5),
(2307, 4, 1405, 6),
(2308, 4, 1789, 2),
(2309, 4, 1790, 1),
(2310, 4, 1791, 1),
(2311, 4, 1792, 1),
(2312, 4, 1793, 3),
(2313, 4, 1794, 2),
(2314, 4, 1795, 1),
(2315, 4, 1796, 3),
(2316, 4, 1797, 5),
(2317, 4, 1798, 2),
(2318, 4, 1799, 1),
(2319, 4, 1800, 5),
(2320, 4, 1416, 5),
(2321, 4, 1801, 6),
(2322, 4, 1802, 2),
(2323, 4, 1803, 4),
(2324, 4, 1804, 1),
(2325, 4, 1805, 1),
(2326, 4, 1363, 6),
(2327, 4, 1806, 1),
(2328, 4, 1807, 10),
(2329, 4, 1808, 2),
(2330, 4, 1809, 1),
(2331, 4, 1810, 1),
(2332, 4, 1811, 2),
(2333, 4, 1812, 1),
(2334, 4, 1813, 2),
(2335, 4, 1814, 7),
(2336, 4, 1815, 1),
(2337, 4, 1816, 1),
(2338, 4, 1817, 1),
(2339, 4, 1818, 3),
(2340, 4, 1819, 2),
(2341, 4, 1820, 1),
(2342, 4, 1821, 1),
(2343, 4, 1822, 1),
(2344, 4, 687, 4),
(2345, 4, 1823, 1),
(2346, 4, 1824, 5),
(2347, 4, 1825, 2),
(2348, 4, 1826, 2),
(2349, 4, 1827, 2),
(2350, 4, 1828, 1),
(2351, 4, 1829, 1),
(2352, 4, 1830, 4),
(2353, 4, 1831, 3),
(2354, 4, 1832, 2),
(2355, 4, 1833, 2),
(2356, 4, 1834, 2),
(2357, 4, 1835, 10),
(2358, 4, 366, 1),
(2359, 4, 1836, 4),
(2360, 4, 1837, 1),
(2361, 4, 1838, 4),
(2362, 4, 1839, 7),
(2363, 4, 1840, 3),
(2364, 4, 1841, 5),
(2365, 4, 1842, 1),
(2366, 4, 1843, 1),
(2367, 4, 1844, 2),
(2368, 4, 1845, 6),
(2369, 4, 1846, 4),
(2370, 4, 1847, 4),
(2371, 4, 1848, 2),
(2372, 4, 1849, 1),
(2373, 4, 1850, 3),
(2374, 4, 1851, 1),
(2375, 4, 1852, 2),
(2376, 4, 1853, 4),
(2377, 4, 1854, 1),
(2378, 4, 1856, 4),
(2379, 4, 1857, 1),
(2380, 4, 1858, 1),
(2381, 4, 1859, 1),
(2382, 4, 1860, 1),
(2383, 4, 1861, 2),
(2384, 4, 1862, 2),
(2385, 4, 1863, 1),
(2386, 4, 1864, 1),
(2387, 4, 1865, 1),
(2388, 4, 1866, 1),
(2389, 4, 1867, 1),
(2390, 4, 1868, 1),
(2391, 4, 1869, 1),
(2392, 4, 1870, 2),
(2393, 4, 1871, 1),
(2394, 4, 1872, 1),
(2395, 4, 1873, 1),
(2396, 4, 1874, 1),
(2397, 4, 1875, 1),
(2398, 4, 1876, 1),
(2399, 4, 1877, 1),
(2400, 4, 1878, 2),
(2401, 4, 1879, 1),
(2402, 4, 1880, 1),
(2403, 4, 1881, 2),
(2404, 4, 1882, 1),
(2405, 4, 1883, 3),
(2406, 4, 1884, 2),
(2407, 4, 1357, 1),
(2408, 4, 1885, 4),
(2409, 4, 1886, 2),
(2410, 4, 1887, 2),
(2411, 4, 1888, 4),
(2412, 4, 1889, 1),
(2413, 4, 1890, 5),
(2414, 4, 1891, 1),
(2415, 4, 1892, 1),
(2416, 4, 1893, 2),
(2417, 4, 1894, 5),
(2418, 4, 1895, 3),
(2419, 4, 1896, 2),
(2420, 4, 1897, 2),
(2421, 4, 1898, 1),
(2422, 4, 1899, 1),
(2423, 4, 1900, 3),
(2424, 4, 1901, 3),
(2425, 4, 1902, 1),
(2426, 4, 1903, 1),
(2427, 4, 1904, 1),
(2428, 4, 1905, 3),
(2429, 4, 1906, 1),
(2430, 4, 1907, 1),
(2431, 4, 1908, 1),
(2432, 4, 1909, 1),
(2433, 4, 1910, 1),
(2434, 4, 1911, 1),
(2435, 4, 1912, 2),
(2436, 4, 1913, 1),
(2437, 4, 1914, 2),
(2438, 4, 1915, 1),
(2439, 4, 1916, 4),
(2440, 4, 1917, 3),
(2441, 4, 1918, 3),
(2442, 4, 1919, 2),
(2443, 4, 1920, 1),
(2444, 4, 1921, 2),
(2445, 4, 1922, 1),
(2446, 4, 1923, 1),
(2447, 4, 1924, 3),
(2448, 4, 1925, 2),
(2449, 4, 1926, 1),
(2450, 4, 1927, 1),
(2451, 4, 1928, 1),
(2452, 4, 1929, 1),
(2453, 4, 1930, 1),
(2454, 4, 319, 12),
(2455, 4, 1931, 3),
(2456, 4, 1932, 1),
(2457, 4, 1933, 1),
(2458, 4, 1168, 1),
(2459, 4, 1934, 1),
(2460, 4, 1935, 2),
(2461, 4, 1936, 1),
(2462, 4, 1937, 2),
(2463, 4, 1938, 6),
(2464, 4, 1939, 1),
(2465, 4, 28, 165),
(2466, 4, 1940, 1),
(2467, 4, 1941, 1),
(2468, 4, 1217, 2),
(2469, 4, 1121, 8),
(2470, 4, 1942, 1),
(2471, 4, 725, 7),
(2472, 4, 1943, 1),
(2473, 4, 1944, 21),
(2474, 4, 1945, 68),
(2475, 4, 1946, 6),
(2476, 4, 1947, 7),
(2477, 4, 1326, 5),
(2478, 4, 1948, 2),
(2479, 4, 1949, 13),
(2480, 4, 1950, 3),
(2481, 4, 1951, 8),
(2482, 4, 1952, 5),
(2483, 4, 1953, 1),
(2484, 4, 1954, 5),
(2485, 4, 1955, 4),
(2486, 4, 1956, 5),
(2487, 4, 1957, 2),
(2488, 4, 1958, 1),
(2489, 4, 1959, 1),
(2490, 4, 1960, 1),
(2491, 4, 1961, 1),
(2492, 4, 1962, 1),
(2493, 4, 1963, 1),
(2494, 4, 1964, 1),
(2495, 4, 1965, 1),
(2496, 4, 1966, 2),
(2497, 4, 1967, 38),
(2498, 4, 1968, 2),
(2499, 4, 114, 2),
(2500, 4, 1969, 8),
(2501, 4, 1970, 2),
(2502, 4, 1971, 1),
(2503, 4, 1972, 2),
(2504, 4, 1973, 1),
(2505, 4, 1974, 2),
(2506, 4, 1975, 3),
(2507, 4, 1976, 2),
(2508, 4, 1977, 2),
(2509, 4, 1978, 2),
(2510, 4, 1979, 2),
(2511, 4, 1980, 1),
(2512, 4, 1981, 2),
(2513, 4, 383, 2),
(2514, 4, 490, 7),
(2515, 4, 1982, 5),
(2516, 4, 1983, 3),
(2517, 4, 1984, 1),
(2518, 4, 1985, 1),
(2519, 4, 1986, 1),
(2520, 4, 1987, 1),
(2521, 4, 1988, 1),
(2522, 4, 1989, 1),
(2523, 4, 1990, 1),
(2524, 4, 1991, 2),
(2525, 4, 912, 4),
(2526, 4, 1992, 1),
(2527, 4, 1993, 2),
(2528, 4, 1994, 3),
(2529, 4, 1995, 3),
(2530, 4, 1996, 1),
(2531, 4, 1997, 1),
(2532, 4, 1998, 2),
(2533, 4, 1999, 6),
(2534, 4, 2000, 7),
(2535, 4, 2001, 5),
(2536, 4, 2002, 1),
(2537, 4, 2003, 1),
(2538, 4, 2004, 2),
(2539, 4, 2005, 1),
(2540, 4, 2006, 5),
(2541, 4, 2007, 1),
(2542, 4, 2008, 1),
(2543, 4, 2009, 1),
(2544, 4, 2010, 1),
(2545, 4, 12, 2),
(2546, 4, 2011, 1),
(2547, 4, 2012, 1),
(2548, 4, 2013, 1),
(2549, 4, 2014, 1),
(2550, 4, 2015, 1),
(2551, 4, 2016, 3),
(2552, 4, 2017, 3),
(2553, 4, 2018, 9),
(2554, 4, 2019, 1),
(2555, 4, 169, 12),
(2556, 4, 2020, 11),
(2557, 4, 2021, 3),
(2558, 4, 2022, 16),
(2559, 4, 2023, 1),
(2560, 4, 1345, 3),
(2561, 4, 2024, 1),
(2562, 4, 2025, 1),
(2563, 4, 2026, 2),
(2564, 4, 2027, 1),
(2565, 4, 2028, 1),
(2566, 4, 2029, 1),
(2567, 4, 2030, 1),
(2568, 4, 2031, 1),
(2569, 4, 2033, 6),
(2570, 4, 2034, 1),
(2571, 4, 2035, 2),
(2572, 4, 314, 1),
(2573, 4, 2036, 1),
(2574, 4, 2037, 10),
(2575, 4, 2038, 2),
(2576, 4, 2039, 1),
(2577, 4, 69, 2),
(2578, 4, 2040, 1),
(2579, 4, 2041, 11),
(2580, 4, 499, 1),
(2581, 4, 2042, 2),
(2582, 4, 581, 8),
(2583, 4, 2043, 1),
(2584, 4, 2044, 3),
(2585, 4, 2045, 5),
(2586, 4, 2046, 2),
(2587, 4, 2047, 2),
(2588, 4, 2048, 2),
(2589, 4, 2049, 3),
(2590, 4, 112, 2),
(2591, 4, 378, 4),
(2592, 4, 2050, 2),
(2593, 4, 161, 4),
(2594, 4, 68, 2),
(2595, 4, 26, 15),
(2596, 4, 2051, 4),
(2597, 4, 2052, 3),
(2598, 4, 2053, 3),
(2599, 4, 2054, 2),
(2600, 4, 2055, 2),
(2601, 4, 2056, 2),
(2602, 4, 2057, 2),
(2603, 4, 2058, 4),
(2604, 4, 2059, 2),
(2605, 4, 2060, 8),
(2606, 4, 2061, 5),
(2607, 4, 226, 3),
(2608, 4, 2062, 11),
(2609, 4, 2063, 4),
(2610, 4, 2064, 4),
(2611, 4, 2065, 3),
(2612, 4, 2066, 2),
(2613, 4, 2067, 2),
(2614, 4, 2068, 5),
(2615, 4, 2069, 2),
(2616, 4, 473, 7),
(2617, 4, 2070, 4),
(2618, 4, 2071, 5),
(2619, 4, 2072, 2),
(2620, 4, 2073, 2),
(2621, 4, 2074, 3),
(2622, 4, 758, 3),
(2623, 4, 2075, 4),
(2624, 4, 2076, 1),
(2625, 4, 591, 8),
(2626, 4, 2077, 1),
(2627, 4, 2079, 4),
(2628, 4, 2080, 1),
(2629, 4, 2081, 14),
(2630, 4, 2082, 1),
(2631, 4, 2083, 9),
(2632, 4, 585, 2),
(2633, 4, 2084, 2),
(2634, 4, 2085, 1),
(2635, 4, 980, 6),
(2636, 4, 2086, 1),
(2637, 4, 2087, 1),
(2638, 4, 2088, 1),
(2639, 4, 2089, 1),
(2640, 4, 2090, 1),
(2641, 4, 2091, 2),
(2642, 4, 2092, 2),
(2643, 4, 2093, 1),
(2644, 4, 2094, 6),
(2645, 4, 2095, 1),
(2646, 4, 239, 1),
(2647, 4, 2096, 1),
(2648, 4, 2097, 1),
(2649, 4, 2098, 1),
(2650, 4, 2099, 5),
(2651, 4, 2100, 2),
(2652, 4, 2101, 1),
(2653, 4, 2102, 2),
(2654, 4, 2103, 2),
(2655, 4, 2104, 1),
(2656, 4, 2105, 1),
(2657, 4, 2106, 1),
(2658, 4, 2107, 1),
(2659, 4, 2108, 1),
(2660, 4, 2109, 1),
(2661, 4, 2110, 1),
(2662, 4, 2111, 1),
(2663, 4, 2112, 1),
(2664, 4, 2113, 1),
(2665, 4, 2114, 1),
(2666, 4, 2115, 1),
(2667, 4, 1271, 1),
(2668, 4, 2116, 2),
(2669, 4, 2117, 1),
(2670, 4, 2118, 1),
(2671, 4, 2119, 1),
(2672, 4, 2120, 3),
(2673, 4, 2121, 1),
(2674, 4, 2122, 7),
(2675, 4, 2123, 1),
(2676, 4, 2124, 1),
(2677, 4, 1354, 13),
(2678, 4, 60, 1),
(2679, 4, 2125, 1),
(2680, 4, 2126, 4),
(2681, 4, 2127, 1),
(2682, 4, 2128, 1),
(2683, 4, 2129, 12),
(2684, 4, 2130, 1),
(2685, 4, 2131, 2),
(2686, 4, 2132, 1),
(2687, 4, 2133, 3),
(2688, 4, 2134, 1),
(2689, 4, 2135, 3),
(2690, 4, 2136, 1),
(2691, 4, 2137, 1),
(2692, 4, 2138, 2),
(2693, 4, 2139, 3),
(2694, 4, 2140, 3),
(2695, 4, 2141, 1),
(2696, 4, 2142, 1),
(2697, 4, 2143, 1),
(2698, 4, 2144, 1),
(2699, 4, 2145, 2),
(2700, 4, 2146, 2),
(2701, 4, 2147, 2),
(2702, 4, 2148, 2),
(2703, 4, 2149, 1),
(2704, 4, 2150, 1),
(2705, 4, 2151, 1),
(2706, 4, 2152, 1),
(2707, 4, 2153, 2),
(2708, 4, 2154, 1),
(2709, 4, 2155, 1),
(2710, 4, 2156, 1),
(2711, 4, 2157, 1),
(2712, 4, 2158, 1),
(2713, 4, 2159, 2),
(2714, 4, 2160, 1),
(2715, 4, 2161, 1),
(2716, 4, 2162, 1),
(2717, 4, 157, 2),
(2718, 4, 2163, 3),
(2719, 4, 2164, 4),
(2720, 4, 2165, 1),
(2721, 4, 2166, 1),
(2722, 4, 2167, 1),
(2723, 4, 2168, 1),
(2724, 4, 2169, 1),
(2725, 4, 2170, 1),
(2726, 4, 2171, 5),
(2727, 4, 2172, 1),
(2728, 4, 937, 3),
(2729, 4, 2173, 3),
(2730, 4, 2174, 2),
(2731, 4, 2175, 1),
(2732, 4, 184, 7),
(2733, 4, 410, 1),
(2734, 4, 2176, 1),
(2735, 4, 2177, 1),
(2736, 4, 2178, 1),
(2737, 4, 2179, 1),
(2738, 4, 2180, 1),
(2739, 4, 2181, 1),
(2740, 4, 2182, 1),
(2741, 4, 2183, 2),
(2742, 4, 2184, 1),
(2743, 4, 2185, 1),
(2744, 4, 152, 1),
(2745, 4, 2186, 1),
(2746, 4, 2187, 3),
(2747, 4, 2188, 2),
(2748, 4, 2189, 1),
(2749, 4, 2190, 1),
(2750, 4, 2191, 1),
(2751, 4, 2192, 1),
(2752, 4, 2193, 1),
(2753, 4, 2194, 1),
(2754, 4, 2195, 1),
(2755, 4, 2196, 1),
(2756, 4, 2197, 1),
(2757, 4, 2198, 1),
(2758, 4, 2199, 1),
(2759, 4, 2200, 3),
(2760, 4, 2201, 4),
(2761, 4, 2202, 6),
(2762, 4, 2203, 3),
(2763, 4, 2204, 1),
(2764, 4, 2205, 1),
(2765, 4, 2206, 1),
(2766, 4, 2207, 1),
(2767, 4, 2208, 1),
(2768, 4, 2209, 1),
(2769, 4, 2210, 1),
(2770, 4, 2211, 1),
(2771, 4, 2212, 1),
(2772, 4, 2213, 2),
(2773, 4, 2214, 1),
(2774, 4, 2215, 1),
(2775, 4, 2216, 1),
(2776, 4, 2217, 1),
(2777, 4, 2218, 6),
(2778, 4, 2219, 1),
(2779, 4, 2220, 1),
(2780, 4, 990, 5),
(2781, 4, 2221, 3),
(2782, 4, 2222, 1),
(2783, 4, 2223, 1),
(2784, 4, 2224, 1),
(2785, 4, 2225, 4),
(2786, 4, 2226, 1),
(2787, 4, 2227, 1),
(2788, 4, 2228, 3),
(2789, 4, 2229, 2),
(2790, 4, 2230, 1),
(2791, 4, 2231, 1),
(2792, 4, 2232, 1),
(2793, 4, 2233, 2),
(2794, 4, 2234, 1),
(2795, 4, 2235, 1),
(2796, 4, 2236, 2),
(2797, 4, 2237, 2),
(2798, 4, 2238, 1),
(2799, 4, 2239, 1),
(2800, 4, 2240, 2),
(2801, 4, 2241, 1),
(2802, 4, 2242, 1),
(2803, 4, 2243, 1),
(2804, 4, 2244, 1),
(2805, 4, 2245, 1),
(2806, 4, 2246, 2),
(2807, 4, 2247, 1),
(2808, 4, 2248, 1),
(2809, 4, 2249, 3),
(2810, 4, 2250, 1),
(2811, 4, 2251, 1),
(2812, 4, 2252, 1),
(2813, 4, 2253, 1),
(2814, 4, 2254, 1),
(2815, 4, 2255, 1),
(2816, 4, 2256, 1),
(2817, 4, 1049, 1),
(2818, 4, 2257, 2),
(2819, 4, 2258, 2),
(2820, 4, 2259, 2),
(2821, 4, 2260, 1),
(2822, 4, 2261, 1),
(2823, 4, 2262, 6),
(2824, 4, 2263, 1),
(2825, 4, 2264, 1),
(2826, 4, 2265, 3),
(2827, 4, 2266, 2),
(2828, 4, 2267, 1),
(2829, 4, 2268, 1),
(2830, 4, 2269, 3),
(2831, 4, 2270, 1),
(2832, 4, 2271, 3),
(2833, 4, 2272, 3),
(2834, 4, 2273, 1),
(2835, 4, 2274, 2),
(2836, 4, 2275, 2),
(2837, 4, 2276, 6),
(2838, 4, 2277, 3),
(2839, 4, 2278, 1),
(2840, 4, 2279, 1),
(2841, 4, 2280, 2),
(2842, 4, 2281, 1),
(2843, 4, 2282, 1),
(2844, 4, 2283, 3),
(2845, 4, 2284, 1),
(2846, 4, 2285, 2),
(2847, 4, 2286, 2),
(2848, 4, 2287, 1),
(2849, 4, 2288, 1),
(2850, 4, 2289, 1),
(2851, 4, 2290, 1),
(2852, 4, 2291, 1),
(2853, 4, 2292, 3),
(2854, 4, 2293, 3),
(2855, 4, 2294, 1),
(2856, 4, 2295, 2),
(2857, 4, 2296, 1),
(2858, 4, 275, 4),
(2859, 4, 2297, 1),
(2860, 4, 2298, 3),
(2861, 4, 2299, 3),
(2862, 4, 2300, 1),
(2863, 4, 2301, 1),
(2864, 4, 432, 4),
(2865, 4, 2302, 6),
(2866, 4, 2303, 1),
(2867, 4, 2304, 1),
(2868, 4, 2305, 2),
(2869, 4, 2306, 1),
(2870, 4, 2307, 1),
(2871, 4, 977, 2),
(2872, 4, 2308, 1),
(2873, 4, 2309, 1),
(2874, 4, 2310, 1),
(2875, 4, 2311, 1),
(2876, 4, 2312, 2),
(2877, 4, 2313, 1),
(2878, 4, 2314, 1),
(2879, 4, 2315, 2),
(2880, 4, 2316, 2),
(2881, 4, 2317, 2),
(2882, 4, 2318, 1),
(2883, 4, 2319, 1),
(2884, 4, 2320, 1),
(2885, 4, 2321, 1),
(2886, 4, 733, 6),
(2887, 4, 2322, 1),
(2888, 4, 1318, 3),
(2889, 4, 2323, 3),
(2890, 4, 2324, 2),
(2891, 4, 2325, 1),
(2892, 4, 2326, 2),
(2893, 4, 2327, 1),
(2894, 4, 2328, 1),
(2895, 4, 2329, 1),
(2896, 4, 2330, 2),
(2897, 4, 2331, 1),
(2898, 4, 2332, 1),
(2899, 4, 2333, 1),
(2900, 4, 2334, 1),
(2901, 4, 2335, 2),
(2902, 4, 2336, 1),
(2903, 4, 2337, 3),
(2904, 4, 2338, 3),
(2905, 4, 2339, 2),
(2906, 4, 2340, 2),
(2907, 4, 2341, 1),
(2908, 4, 1275, 2),
(2909, 4, 2342, 1),
(2910, 4, 2343, 4),
(2911, 4, 2344, 2),
(2912, 4, 2345, 3),
(2913, 4, 2346, 1),
(2914, 4, 2347, 1),
(2915, 4, 2348, 3),
(2916, 4, 2349, 1),
(2917, 4, 2350, 1),
(2918, 4, 2351, 1),
(2919, 4, 2352, 1),
(2920, 4, 2353, 1),
(2921, 4, 2354, 3),
(2922, 4, 2355, 1),
(2923, 4, 2356, 4),
(2924, 4, 2357, 1),
(2925, 4, 2358, 1),
(2926, 4, 2359, 1),
(2927, 4, 2360, 1),
(2928, 4, 255, 1),
(2929, 4, 2361, 3);
INSERT INTO `document_mot` (`id_document_mot`, `id_document`, `id_mot`, `poids`) VALUES
(2930, 4, 2362, 1),
(2931, 4, 2363, 1),
(2932, 4, 2364, 1),
(2933, 4, 1387, 1),
(2934, 4, 2365, 1),
(2935, 4, 2366, 7),
(2936, 4, 2367, 2),
(2937, 4, 149, 2),
(2938, 4, 2368, 1),
(2939, 4, 2369, 1),
(2940, 4, 2371, 1),
(2941, 4, 2372, 1),
(2942, 4, 2373, 1),
(2943, 4, 2374, 1),
(2944, 4, 2375, 2),
(2945, 4, 2376, 1),
(2946, 4, 2377, 1),
(2947, 4, 307, 1),
(2948, 4, 2378, 1),
(2949, 4, 2379, 1),
(2950, 4, 2380, 2),
(2951, 4, 2381, 1),
(2952, 4, 2382, 9),
(2953, 4, 2383, 1),
(2954, 4, 2384, 2),
(2955, 4, 2385, 1),
(2956, 4, 2386, 1),
(2957, 4, 2387, 1),
(2958, 4, 2388, 1),
(2959, 4, 2389, 1),
(2960, 4, 2390, 1),
(2961, 4, 2391, 1),
(2962, 4, 611, 1),
(2963, 4, 2392, 1),
(2964, 4, 2393, 1),
(2965, 4, 2394, 2),
(2966, 4, 2395, 1),
(2967, 4, 2396, 1),
(2968, 4, 2397, 1),
(2969, 4, 2398, 3),
(2970, 4, 2399, 3),
(2971, 4, 2400, 2),
(2972, 4, 2401, 2),
(2973, 4, 2402, 2),
(2974, 4, 779, 2),
(2975, 4, 2403, 2),
(2976, 4, 2404, 2),
(2977, 4, 2405, 1),
(2978, 4, 2406, 1),
(2979, 4, 2407, 1),
(2980, 4, 2408, 1),
(2981, 4, 2409, 1),
(2982, 4, 2410, 3),
(2983, 4, 2411, 1),
(2984, 4, 2412, 1),
(2985, 4, 2413, 1),
(2986, 4, 2414, 1),
(2987, 4, 2415, 1),
(2988, 4, 2416, 1),
(2989, 4, 2417, 1),
(2990, 4, 466, 3),
(2991, 4, 2418, 1),
(2992, 4, 2419, 1),
(2993, 4, 2420, 1),
(2994, 4, 2421, 1),
(2995, 4, 2422, 2),
(2996, 4, 2423, 1),
(2997, 4, 1178, 1),
(2998, 4, 2424, 5),
(2999, 4, 2425, 1),
(3000, 4, 2426, 1),
(3001, 4, 2427, 1),
(3002, 4, 2428, 1),
(3003, 4, 2429, 2),
(3004, 4, 2430, 1),
(3005, 4, 2431, 3),
(3006, 4, 2432, 2),
(3007, 4, 2433, 1),
(3008, 4, 2434, 3),
(3009, 4, 2435, 1),
(3010, 4, 2436, 2),
(3011, 4, 2437, 2),
(3012, 4, 2438, 1),
(3013, 4, 2439, 1),
(3014, 4, 2440, 1),
(3015, 4, 2441, 2),
(3016, 4, 2442, 2),
(3017, 4, 2443, 1),
(3018, 4, 2444, 1),
(3019, 4, 2445, 1),
(3020, 4, 2446, 3),
(3021, 4, 2447, 1),
(3022, 4, 2448, 1),
(3023, 4, 2449, 1),
(3024, 4, 2450, 2),
(3025, 4, 2451, 1),
(3026, 4, 2452, 1),
(3027, 4, 2453, 1),
(3028, 4, 2454, 1),
(3029, 4, 1219, 1),
(3030, 4, 2455, 1),
(3031, 4, 2456, 1),
(3032, 4, 2457, 1),
(3033, 4, 2458, 2),
(3034, 4, 852, 7),
(3035, 4, 2459, 1),
(3036, 4, 2460, 1),
(3037, 4, 2461, 1),
(3038, 4, 2462, 1),
(3039, 4, 2463, 1),
(3040, 4, 2464, 2),
(3041, 4, 2465, 1),
(3042, 4, 2466, 1),
(3043, 4, 2467, 3),
(3044, 4, 2468, 6),
(3045, 4, 2469, 1),
(3046, 4, 2470, 1),
(3047, 4, 2471, 1),
(3048, 4, 2472, 1),
(3049, 4, 2473, 1),
(3050, 4, 2474, 1),
(3051, 4, 2475, 1),
(3052, 4, 2476, 1),
(3053, 4, 2477, 1),
(3054, 4, 920, 1),
(3055, 4, 2478, 1),
(3056, 4, 2479, 1),
(3057, 4, 2480, 1),
(3058, 4, 2481, 1),
(3059, 4, 2482, 1),
(3060, 4, 2483, 1),
(3061, 4, 2484, 1),
(3062, 4, 2485, 1),
(3063, 4, 2486, 1),
(3064, 4, 2487, 1),
(3065, 4, 2488, 1),
(3066, 4, 2489, 1),
(3067, 4, 2490, 1),
(3068, 4, 2491, 6),
(3069, 4, 2492, 4),
(3070, 4, 2493, 10),
(3071, 4, 2494, 9),
(3072, 4, 2495, 8),
(3073, 4, 2496, 11),
(3074, 4, 774, 1),
(3075, 4, 2497, 3),
(3076, 4, 555, 6),
(3077, 4, 2498, 1),
(3078, 4, 2499, 1),
(3079, 4, 527, 5),
(3080, 4, 1046, 2),
(3081, 4, 2500, 1),
(3082, 4, 2501, 1),
(3083, 4, 2502, 1),
(3084, 4, 2503, 1),
(3085, 4, 2504, 1),
(3086, 4, 2505, 1),
(3087, 4, 2506, 1),
(3088, 4, 2507, 1),
(3089, 4, 1117, 8),
(3090, 4, 2508, 1),
(3091, 4, 2509, 1),
(3092, 4, 2510, 1),
(3093, 4, 2511, 1),
(3094, 4, 2512, 3),
(3095, 4, 2513, 2),
(3096, 4, 2514, 1),
(3097, 4, 2515, 1),
(3098, 4, 2516, 1),
(3099, 4, 2517, 2),
(3100, 4, 2518, 1),
(3101, 4, 2519, 1),
(3102, 4, 2520, 1),
(3103, 4, 2521, 1),
(3104, 4, 2522, 1),
(3105, 4, 2523, 1),
(3106, 4, 2524, 1),
(3107, 4, 2525, 2),
(3108, 4, 2526, 1),
(3109, 4, 2527, 1),
(3110, 4, 2528, 5),
(3111, 4, 2529, 1),
(3112, 4, 2530, 1),
(3113, 4, 2531, 1),
(3114, 4, 2532, 2),
(3115, 4, 823, 2),
(3116, 4, 2533, 1),
(3117, 4, 2534, 1),
(3118, 4, 2535, 3),
(3119, 4, 2536, 1),
(3120, 4, 2537, 1),
(3121, 4, 2538, 1),
(3122, 4, 2539, 1),
(3123, 4, 2540, 1),
(3124, 4, 2541, 1),
(3125, 4, 2542, 1),
(3126, 4, 412, 1),
(3127, 4, 2543, 1),
(3128, 4, 2544, 1),
(3129, 4, 2545, 1),
(3130, 4, 2546, 1),
(3131, 4, 2547, 1),
(3132, 4, 2548, 1),
(3133, 4, 2549, 1),
(3134, 4, 2550, 1),
(3135, 4, 2551, 1),
(3136, 4, 2552, 1),
(3137, 4, 2553, 1),
(3138, 4, 2554, 1),
(3139, 4, 2555, 7),
(3140, 4, 2556, 1),
(3141, 4, 2557, 3),
(3142, 4, 2558, 1),
(3143, 4, 2559, 1),
(3144, 4, 2560, 1),
(3145, 4, 341, 1),
(3146, 4, 2561, 2),
(3147, 4, 2562, 1),
(3148, 4, 2563, 1),
(3149, 4, 2564, 1),
(3150, 4, 2565, 1),
(3151, 4, 2566, 1),
(3152, 4, 2567, 2),
(3153, 4, 2568, 1),
(3154, 4, 2569, 1),
(3155, 4, 2570, 1),
(3156, 4, 1128, 2),
(3157, 4, 2571, 1),
(3158, 4, 258, 3),
(3159, 4, 2572, 10),
(3160, 4, 2573, 1),
(3161, 4, 2574, 1),
(3162, 4, 2575, 3),
(3163, 4, 2576, 1),
(3164, 4, 1020, 1),
(3165, 4, 2577, 1),
(3166, 4, 2578, 1),
(3167, 4, 2580, 1),
(3168, 4, 2581, 1),
(3169, 4, 2582, 1),
(3170, 4, 2583, 5),
(3171, 4, 2584, 1),
(3172, 4, 2585, 3),
(3173, 4, 2586, 1),
(3174, 4, 2587, 1),
(3175, 4, 93, 18),
(3176, 4, 2588, 10),
(3177, 4, 2589, 4),
(3178, 4, 2591, 3),
(3179, 4, 101, 4),
(3180, 4, 2595, 1),
(3181, 4, 2596, 5),
(3182, 4, 2597, 2),
(3183, 4, 2598, 2),
(3184, 4, 2599, 3),
(3185, 4, 2600, 1),
(3186, 4, 2601, 2),
(3187, 4, 2602, 2),
(3188, 4, 2603, 1),
(3189, 4, 2604, 1),
(3190, 4, 2605, 1),
(3191, 4, 2606, 1),
(3192, 4, 2607, 2),
(3193, 4, 2608, 4),
(3194, 4, 2609, 1),
(3195, 4, 2610, 2),
(3196, 4, 2611, 1),
(3197, 4, 2612, 2),
(3198, 4, 2613, 1),
(3199, 4, 2614, 1),
(3200, 4, 2615, 1),
(3201, 4, 390, 3),
(3202, 4, 2616, 2),
(3203, 4, 2617, 7),
(3204, 4, 2618, 1),
(3205, 4, 2619, 2),
(3206, 4, 2620, 1),
(3207, 4, 2621, 1),
(3208, 4, 2622, 2),
(3209, 4, 2623, 2),
(3210, 4, 2624, 1),
(3211, 4, 2625, 2),
(3212, 4, 2626, 3),
(3213, 4, 2627, 3),
(3214, 4, 2628, 1),
(3215, 4, 2629, 1),
(3216, 4, 2630, 1),
(3217, 4, 2631, 1),
(3218, 4, 2632, 1),
(3219, 4, 2633, 1),
(3220, 4, 2634, 1),
(3221, 4, 2635, 1),
(3222, 4, 2636, 1),
(3223, 4, 2637, 1),
(3224, 4, 2638, 1),
(3225, 4, 2639, 2),
(3226, 4, 2640, 1),
(3227, 4, 2641, 8),
(3228, 4, 2642, 2),
(3229, 4, 2643, 1),
(3230, 4, 2644, 1),
(3231, 4, 2645, 1),
(3232, 4, 2646, 1),
(3233, 4, 2647, 1),
(3234, 4, 2648, 1),
(3235, 4, 2649, 3),
(3236, 4, 2650, 3),
(3237, 4, 2651, 2),
(3238, 4, 2652, 1),
(3239, 4, 2653, 2),
(3240, 4, 2654, 3),
(3241, 4, 2655, 1),
(3242, 4, 2656, 1),
(3243, 4, 2657, 1),
(3244, 4, 2658, 3),
(3245, 4, 2659, 2),
(3246, 4, 2660, 1),
(3247, 4, 2661, 1),
(3248, 4, 2662, 1),
(3249, 4, 2663, 1),
(3250, 4, 2664, 2),
(3251, 4, 2665, 1),
(3252, 4, 2666, 1),
(3253, 4, 2667, 2),
(3254, 4, 2668, 2),
(3255, 4, 2669, 1),
(3256, 4, 2670, 1),
(3257, 4, 2671, 2),
(3258, 4, 2672, 2),
(3259, 4, 232, 2),
(3260, 4, 2673, 1),
(3261, 4, 2674, 4),
(3262, 4, 2675, 1),
(3263, 4, 2676, 1),
(3264, 4, 2677, 1),
(3265, 4, 2678, 1),
(3266, 4, 70, 2),
(3267, 4, 2679, 1),
(3268, 4, 2680, 4),
(3269, 4, 2681, 1),
(3270, 4, 2682, 1),
(3271, 4, 2683, 5),
(3272, 4, 2684, 3),
(3273, 4, 2685, 1),
(3274, 4, 2686, 1),
(3275, 4, 2687, 1),
(3276, 4, 1194, 1),
(3277, 4, 2688, 1),
(3278, 4, 2689, 1),
(3279, 4, 2690, 1),
(3280, 4, 2691, 2),
(3281, 4, 2692, 1),
(3282, 4, 2693, 2),
(3283, 4, 2694, 7),
(3284, 4, 2695, 1),
(3285, 4, 2696, 2),
(3286, 4, 233, 3),
(3287, 4, 2697, 1),
(3288, 4, 2698, 1),
(3289, 4, 771, 1),
(3290, 4, 2699, 2),
(3291, 4, 2700, 2),
(3292, 4, 2701, 2),
(3293, 4, 2702, 3),
(3294, 4, 2704, 6),
(3295, 4, 2705, 5),
(3296, 4, 2706, 1),
(3297, 4, 2707, 1),
(3298, 4, 2709, 6),
(3299, 4, 2710, 1),
(3300, 4, 2711, 1),
(3301, 4, 2712, 2),
(3302, 4, 2714, 1),
(3303, 4, 573, 1),
(3304, 4, 2716, 1),
(3305, 4, 2718, 2),
(3306, 4, 2720, 1),
(3307, 4, 2722, 8),
(3308, 4, 2724, 1),
(3309, 4, 2726, 1),
(3310, 4, 2728, 1),
(3311, 4, 2730, 1),
(3312, 4, 2732, 2),
(3313, 4, 2733, 2),
(3314, 4, 428, 2),
(3315, 4, 2737, 1),
(3316, 4, 579, 2),
(3317, 4, 831, 2),
(3318, 4, 2738, 9),
(3319, 4, 2739, 1),
(3320, 4, 2740, 1),
(3321, 4, 2741, 1),
(3322, 4, 2742, 1),
(3323, 4, 2743, 2),
(3324, 4, 2744, 3),
(3325, 4, 2745, 3),
(3326, 4, 2746, 1),
(3327, 4, 2747, 1),
(3328, 4, 2748, 2),
(3329, 4, 2749, 3),
(3330, 4, 2750, 1),
(3331, 4, 2751, 1),
(3332, 4, 246, 4),
(3333, 4, 2752, 1),
(3334, 4, 2753, 2),
(3335, 4, 2754, 1),
(3336, 4, 2755, 3),
(3337, 4, 2756, 1),
(3338, 4, 2757, 1),
(3339, 4, 2758, 1),
(3340, 4, 2759, 1),
(3341, 4, 2760, 1),
(3342, 4, 2761, 1),
(3343, 4, 2762, 1),
(3344, 4, 2763, 1),
(3345, 4, 2764, 1),
(3346, 4, 2765, 1),
(3347, 4, 2766, 1),
(3348, 4, 2767, 1),
(3349, 4, 2768, 1),
(3350, 4, 2769, 1),
(3351, 4, 2770, 1),
(3352, 4, 2771, 1),
(3353, 4, 2772, 2),
(3354, 4, 321, 3),
(3355, 4, 882, 1),
(3356, 4, 2773, 3),
(3357, 4, 2774, 2),
(3358, 4, 2775, 1),
(3359, 4, 2776, 1),
(3360, 4, 2777, 2),
(3361, 4, 2778, 1),
(3362, 4, 2780, 2),
(3363, 4, 2781, 1),
(3364, 4, 2782, 1),
(3365, 4, 2783, 1),
(3366, 4, 2784, 1),
(3367, 4, 2785, 1),
(3368, 4, 2786, 2),
(3369, 4, 2787, 2),
(3370, 4, 2788, 1),
(3371, 4, 1259, 3),
(3372, 4, 2789, 1),
(3373, 4, 885, 1),
(3374, 4, 2790, 3),
(3375, 4, 2791, 1),
(3376, 4, 2792, 1),
(3377, 4, 2793, 1),
(3378, 4, 2794, 1),
(3379, 4, 2795, 1),
(3380, 4, 2796, 2),
(3381, 4, 2797, 2),
(3382, 4, 2798, 5),
(3383, 4, 2799, 1),
(3384, 4, 2800, 2),
(3385, 4, 2801, 1),
(3386, 4, 2802, 2),
(3387, 4, 2803, 1),
(3388, 4, 2804, 1),
(3389, 4, 2805, 1),
(3390, 4, 2806, 1),
(3391, 4, 2807, 1),
(3392, 4, 2808, 1),
(3393, 4, 2809, 1),
(3394, 4, 2810, 1),
(3395, 4, 2811, 1),
(3396, 4, 2812, 1),
(3397, 4, 2813, 1),
(3398, 4, 2814, 1),
(3399, 4, 2815, 1),
(3400, 4, 2816, 2),
(3401, 4, 2817, 1),
(3402, 4, 2818, 1),
(3403, 4, 2819, 1),
(3404, 4, 2820, 1),
(3405, 4, 909, 1),
(3406, 4, 2821, 1),
(3407, 4, 2822, 1),
(3408, 4, 2823, 1),
(3409, 4, 2824, 4),
(3410, 4, 2825, 1),
(3411, 4, 2826, 1),
(3412, 4, 2827, 1),
(3413, 4, 2828, 1),
(3414, 4, 2829, 1),
(3415, 4, 2830, 1),
(3416, 4, 981, 1),
(3417, 4, 2831, 1),
(3418, 4, 2832, 1),
(3419, 4, 2833, 1),
(3420, 4, 2834, 1),
(3421, 4, 2835, 1),
(3422, 4, 2836, 1),
(3423, 4, 2837, 1),
(3424, 4, 2838, 1),
(3425, 4, 2839, 2),
(3426, 4, 309, 1),
(3427, 4, 1071, 1),
(3428, 4, 2840, 1),
(3429, 4, 2841, 2),
(3430, 4, 2842, 1),
(3431, 4, 2843, 1),
(3432, 4, 2844, 1),
(3433, 4, 2845, 1),
(3434, 4, 300, 1),
(3435, 4, 2846, 1),
(3436, 4, 2847, 1),
(3437, 4, 2848, 3),
(3438, 4, 2849, 1),
(3439, 4, 2850, 2),
(3440, 4, 2851, 7),
(3441, 4, 2852, 1),
(3442, 4, 2853, 2),
(3443, 4, 2855, 1),
(3444, 4, 2856, 1),
(3445, 4, 2857, 1),
(3446, 4, 762, 1),
(3447, 4, 2858, 2),
(3448, 4, 2859, 2),
(3449, 4, 2860, 1),
(3450, 4, 2861, 3),
(3451, 4, 2863, 1),
(3452, 4, 2864, 1),
(3453, 4, 2865, 1),
(3454, 4, 2866, 1),
(3455, 4, 2867, 1),
(3456, 4, 1024, 2),
(3457, 4, 2868, 1),
(3458, 4, 2869, 1),
(3459, 4, 2870, 1),
(3460, 4, 2871, 2),
(3461, 4, 2872, 2),
(3462, 4, 2873, 1),
(3463, 4, 2874, 1),
(3464, 4, 2875, 1),
(3465, 4, 2876, 1),
(3466, 4, 2877, 2),
(3467, 4, 2878, 1),
(3468, 4, 2879, 1),
(3469, 4, 2880, 1),
(3470, 4, 2881, 1),
(3471, 4, 2883, 1),
(3472, 4, 994, 1),
(3473, 4, 2884, 1),
(3474, 4, 2885, 1),
(3475, 4, 2886, 1),
(3476, 4, 2887, 1),
(3477, 4, 2888, 1),
(3478, 4, 2889, 1),
(3479, 4, 2890, 2),
(3480, 4, 609, 3),
(3481, 4, 2891, 1),
(3482, 4, 2892, 1),
(3483, 4, 2893, 4),
(3484, 4, 2894, 2),
(3485, 4, 2895, 1),
(3486, 4, 2896, 2),
(3487, 4, 2897, 1),
(3488, 4, 2898, 1),
(3489, 4, 2899, 3),
(3490, 4, 2900, 4),
(3491, 4, 2901, 2),
(3492, 4, 2902, 1),
(3493, 4, 2903, 2),
(3494, 4, 2904, 3),
(3495, 4, 2905, 1),
(3496, 4, 430, 5),
(3497, 4, 2906, 9),
(3498, 4, 2907, 1),
(3499, 4, 2908, 1),
(3500, 4, 2909, 1),
(3501, 4, 225, 1),
(3502, 4, 2910, 2),
(3503, 4, 2911, 1),
(3504, 4, 2912, 1),
(3505, 4, 2913, 1),
(3506, 4, 2914, 1),
(3507, 4, 2915, 1),
(3508, 4, 2916, 1),
(3509, 4, 2917, 1),
(3510, 4, 2918, 2),
(3511, 4, 1361, 1),
(3512, 4, 491, 1),
(3513, 4, 2919, 1),
(3514, 4, 1027, 1),
(3515, 4, 2920, 3),
(3516, 4, 2921, 1),
(3517, 4, 2922, 1),
(3518, 4, 2923, 1),
(3519, 4, 2924, 1),
(3520, 4, 2925, 1),
(3521, 4, 2926, 1),
(3522, 4, 2927, 1),
(3523, 4, 2928, 1),
(3524, 4, 2929, 1),
(3525, 4, 2930, 1),
(3526, 4, 2931, 1),
(3527, 4, 2932, 1),
(3528, 4, 2933, 1),
(3529, 4, 52, 2),
(3530, 4, 2934, 1),
(3531, 4, 2935, 1),
(3532, 4, 2936, 1),
(3533, 4, 2937, 1),
(3534, 4, 2938, 1),
(3535, 4, 2939, 1),
(3536, 4, 2940, 1),
(3537, 4, 2941, 1),
(3538, 4, 2942, 2),
(3539, 4, 2943, 2),
(3540, 4, 2944, 1),
(3541, 4, 2945, 1),
(3542, 4, 2946, 1),
(3543, 4, 2947, 1),
(3544, 4, 2948, 6),
(3545, 4, 2949, 4),
(3546, 4, 2950, 1),
(3547, 4, 2951, 12),
(3548, 4, 1220, 2),
(3549, 4, 2952, 1),
(3550, 4, 2953, 17),
(3551, 4, 2954, 9),
(3552, 4, 2955, 10),
(3553, 4, 2956, 1),
(3554, 4, 2957, 1),
(3555, 4, 2958, 2),
(3556, 4, 2959, 3),
(3557, 4, 2960, 4),
(3558, 4, 2961, 1),
(3559, 4, 2962, 6),
(3560, 4, 2963, 1),
(3561, 4, 2964, 3),
(3562, 4, 2965, 1),
(3563, 4, 2966, 1),
(3564, 4, 2967, 1),
(3565, 4, 2968, 8),
(3566, 4, 2969, 1),
(3567, 4, 2970, 1),
(3568, 4, 2971, 3),
(3569, 4, 2972, 6),
(3570, 4, 2973, 1),
(3571, 4, 2974, 3),
(3572, 4, 2975, 5),
(3573, 4, 2976, 1),
(3574, 4, 165, 2),
(3575, 4, 2977, 1),
(3576, 4, 2978, 3),
(3577, 4, 2979, 4),
(3578, 4, 2980, 1),
(3579, 4, 2981, 3),
(3580, 4, 2982, 1),
(3581, 4, 1243, 2),
(3582, 4, 2983, 1),
(3583, 4, 2984, 1),
(3584, 4, 2985, 1),
(3585, 4, 2986, 1),
(3586, 4, 2987, 1),
(3587, 4, 2988, 1),
(3588, 4, 2989, 3),
(3589, 4, 2990, 1),
(3590, 4, 2991, 4),
(3591, 4, 2992, 1),
(3592, 4, 2993, 1),
(3593, 4, 2994, 1),
(3594, 4, 2995, 1),
(3595, 4, 2996, 3),
(3596, 4, 2997, 2),
(3597, 4, 2998, 4),
(3598, 4, 2999, 2),
(3599, 4, 3000, 2),
(3600, 4, 3001, 1),
(3601, 4, 3003, 1),
(3602, 4, 3004, 2),
(3603, 4, 3005, 1),
(3604, 4, 3006, 2),
(3605, 4, 3007, 1),
(3606, 4, 3008, 2),
(3607, 4, 3009, 1),
(3608, 4, 3010, 1),
(3609, 4, 3011, 1),
(3610, 4, 3012, 1),
(3611, 4, 3013, 2),
(3612, 4, 3014, 2),
(3613, 4, 3015, 19),
(3614, 4, 3016, 5),
(3615, 4, 3017, 1),
(3616, 4, 3018, 3),
(3617, 4, 3019, 1),
(3618, 4, 3020, 2),
(3619, 4, 3021, 1),
(3620, 4, 3022, 1),
(3621, 4, 3023, 1),
(3622, 4, 3024, 1),
(3623, 4, 3025, 1),
(3624, 4, 3026, 1),
(3625, 4, 4, 42),
(3626, 4, 3027, 1),
(3627, 4, 3028, 8),
(3628, 4, 3029, 2),
(3629, 4, 3030, 1),
(3630, 4, 3031, 1),
(3631, 4, 3032, 2),
(3632, 4, 3033, 3),
(3633, 4, 3034, 1),
(3634, 4, 3035, 1),
(3635, 4, 3036, 1),
(3636, 4, 3037, 1),
(3637, 4, 3038, 1),
(3638, 4, 3039, 1),
(3639, 4, 3040, 1),
(3640, 4, 3041, 2),
(3641, 4, 3042, 1),
(3642, 4, 1284, 2),
(3643, 4, 3043, 1),
(3644, 4, 3044, 1),
(3645, 4, 3045, 1),
(3646, 4, 3046, 3),
(3647, 4, 3047, 1),
(3648, 4, 3048, 1),
(3649, 4, 3049, 1),
(3650, 4, 3050, 2),
(3651, 4, 3051, 1),
(3652, 4, 3052, 1),
(3653, 4, 3053, 1),
(3654, 4, 3054, 2),
(3655, 4, 3055, 2),
(3656, 4, 3056, 1),
(3657, 4, 3057, 1),
(3658, 4, 3058, 1),
(3659, 4, 3059, 3),
(3660, 4, 3060, 2),
(3661, 4, 3061, 1),
(3662, 4, 3062, 1),
(3663, 4, 3063, 3),
(3664, 4, 3064, 1),
(3665, 4, 3065, 1),
(3666, 4, 3066, 1),
(3667, 4, 3067, 1),
(3668, 4, 3068, 2),
(3669, 4, 3069, 1),
(3670, 4, 3070, 1),
(3671, 4, 3071, 1),
(3672, 4, 3072, 1),
(3673, 4, 637, 2),
(3674, 4, 3073, 1),
(3675, 4, 3074, 1),
(3676, 4, 3075, 1),
(3677, 4, 3076, 3),
(3678, 4, 3077, 1),
(3679, 4, 3078, 1),
(3680, 4, 3079, 1),
(3681, 4, 3080, 1),
(3682, 4, 3081, 1),
(3683, 4, 3082, 1),
(3684, 4, 3083, 4),
(3685, 4, 3084, 1),
(3686, 4, 3085, 1),
(3687, 4, 3086, 1),
(3688, 4, 3087, 1),
(3689, 4, 3088, 3),
(3690, 4, 3089, 2),
(3691, 4, 3090, 1),
(3692, 4, 3091, 3),
(3693, 4, 3092, 1),
(3694, 4, 3093, 2),
(3695, 4, 3094, 2),
(3696, 4, 3095, 1),
(3697, 4, 3096, 1),
(3698, 4, 3097, 1),
(3699, 4, 3098, 2),
(3700, 4, 3099, 1),
(3701, 4, 3100, 3),
(3702, 4, 3101, 1),
(3703, 4, 3102, 1),
(3704, 4, 3103, 3),
(3705, 4, 3104, 1),
(3706, 4, 3105, 1),
(3707, 4, 3106, 2),
(3708, 4, 3107, 1),
(3709, 4, 3108, 1),
(3710, 4, 3109, 1),
(3711, 4, 3110, 1),
(3712, 4, 3111, 1),
(3713, 4, 3112, 1),
(3714, 4, 3113, 1),
(3715, 4, 3114, 1),
(3716, 4, 3115, 1),
(3717, 4, 3116, 1),
(3718, 4, 3117, 1),
(3719, 4, 3118, 1),
(3720, 4, 3119, 1),
(3721, 4, 3120, 1),
(3722, 4, 391, 1),
(3723, 4, 3121, 1),
(3724, 4, 183, 1),
(3725, 4, 3122, 1),
(3726, 4, 3123, 1),
(3727, 4, 3124, 1),
(3728, 4, 3125, 1),
(3729, 4, 3126, 1),
(3730, 4, 3127, 1),
(3731, 4, 3128, 2),
(3732, 4, 3129, 1),
(3733, 4, 3130, 2),
(3734, 4, 3131, 1),
(3735, 4, 3132, 1),
(3736, 4, 3133, 1),
(3737, 4, 3134, 1),
(3738, 4, 3135, 1),
(3739, 4, 3136, 1),
(3740, 4, 3137, 1),
(3741, 4, 3138, 1),
(3742, 4, 3139, 1),
(3743, 4, 3140, 1),
(3744, 4, 3141, 1),
(3745, 4, 3142, 1),
(3746, 4, 3143, 1),
(3747, 4, 3144, 2),
(3748, 4, 3145, 1),
(3749, 4, 3146, 1),
(3750, 4, 3147, 1),
(3751, 4, 3148, 1),
(3752, 4, 3149, 1),
(3753, 4, 3150, 1),
(3754, 4, 3151, 1),
(3755, 4, 3152, 1),
(3756, 4, 3153, 1),
(3757, 4, 3154, 1),
(3758, 4, 3155, 1),
(3759, 4, 3156, 1),
(3760, 4, 3157, 1),
(3761, 4, 3158, 1),
(3762, 4, 3159, 1),
(3763, 4, 3160, 1),
(3764, 4, 3161, 1),
(3765, 4, 3162, 1),
(3766, 4, 3163, 1),
(3767, 4, 3164, 1),
(3768, 4, 3165, 1),
(3769, 4, 3166, 1),
(3770, 4, 3167, 1),
(3771, 4, 3168, 1),
(3772, 4, 3169, 1),
(3773, 4, 3170, 1),
(3774, 4, 3171, 1),
(3775, 4, 3172, 1),
(3776, 4, 3173, 1),
(3777, 4, 3174, 1),
(3778, 4, 3175, 1),
(3779, 4, 3176, 1),
(3780, 4, 3177, 1),
(3781, 4, 3178, 1),
(3782, 4, 3179, 1),
(3783, 4, 3180, 1),
(3784, 4, 3181, 1),
(3785, 4, 3182, 1),
(3786, 4, 3183, 1),
(3787, 4, 3184, 1),
(3788, 4, 3185, 1),
(3789, 4, 3186, 1),
(3790, 4, 3187, 1),
(3791, 4, 3188, 1),
(3792, 4, 3189, 1),
(3793, 4, 3190, 1),
(3794, 4, 3191, 1),
(3795, 4, 3192, 1),
(3796, 4, 3193, 1),
(3797, 4, 3194, 1),
(3798, 4, 3195, 2),
(3799, 4, 3196, 1),
(3800, 4, 3197, 1),
(3801, 4, 3198, 1),
(3802, 4, 3199, 1),
(3803, 4, 3200, 1),
(3804, 4, 3201, 1),
(3805, 4, 3202, 1),
(3806, 4, 3203, 1),
(3807, 4, 3204, 1),
(3808, 4, 3205, 1),
(3809, 4, 3206, 1),
(3810, 4, 3207, 1),
(3811, 4, 3208, 1),
(3812, 4, 3209, 1),
(3813, 4, 3210, 1),
(3814, 4, 3211, 1),
(3815, 4, 3212, 1),
(3816, 4, 3213, 1),
(3817, 4, 3214, 1),
(3818, 4, 3215, 1),
(3819, 4, 3216, 1),
(3820, 4, 3217, 2),
(3821, 4, 3218, 1),
(3822, 4, 3219, 1),
(3823, 4, 3220, 1),
(3824, 4, 3221, 1),
(3825, 4, 3222, 1),
(3826, 4, 3223, 1),
(3827, 4, 3224, 1),
(3828, 4, 389, 1),
(3829, 4, 3225, 1),
(3830, 4, 3226, 1),
(3831, 4, 3227, 1),
(3832, 4, 3228, 1),
(3833, 4, 3229, 1),
(3834, 4, 3230, 2),
(3835, 4, 3231, 1),
(3836, 4, 3232, 1),
(3837, 4, 3233, 1),
(3838, 4, 749, 1),
(3839, 4, 3234, 1),
(3840, 4, 3235, 1),
(3841, 4, 3236, 1),
(3842, 4, 3237, 1),
(3843, 4, 138, 1),
(3844, 4, 3238, 1),
(3845, 4, 3239, 1),
(3846, 4, 3240, 1),
(3847, 4, 3241, 1),
(3848, 4, 3242, 2),
(3849, 4, 3243, 1),
(3850, 4, 368, 1),
(3851, 4, 3244, 1),
(3852, 4, 3245, 1),
(3853, 4, 3246, 2),
(3854, 4, 1359, 1),
(3855, 4, 3247, 1),
(3856, 4, 3248, 1),
(3857, 4, 3249, 2),
(3858, 4, 3250, 1),
(3859, 4, 3251, 1),
(3860, 4, 3252, 1),
(3861, 4, 1077, 2),
(3862, 4, 3253, 1),
(3863, 4, 3254, 1),
(3864, 4, 3255, 1),
(3865, 4, 3256, 6),
(3866, 4, 3257, 3),
(3867, 4, 3258, 1),
(3868, 4, 3259, 1),
(3869, 4, 3260, 1),
(3870, 4, 3261, 2),
(3871, 4, 942, 4),
(3872, 4, 3262, 1),
(3873, 4, 3263, 11),
(3874, 4, 3264, 1),
(3875, 4, 3265, 1),
(3876, 4, 3266, 1),
(3877, 4, 3267, 1),
(3878, 4, 971, 2),
(3879, 4, 3268, 1),
(3880, 4, 3269, 1),
(3881, 4, 3270, 1),
(3882, 4, 3271, 2),
(3883, 4, 3272, 1),
(3884, 4, 3273, 1),
(3885, 4, 352, 1),
(3886, 4, 3274, 1),
(3887, 4, 3275, 2),
(3888, 4, 3276, 1),
(3889, 4, 3277, 1),
(3890, 4, 3278, 3),
(3891, 4, 3279, 2),
(3892, 4, 3280, 1),
(3893, 4, 3281, 1),
(3894, 4, 3282, 1),
(3895, 4, 1105, 1),
(3896, 4, 3283, 1),
(3897, 4, 3284, 1),
(3898, 4, 712, 1),
(3899, 4, 346, 2),
(3900, 4, 3285, 1),
(3901, 4, 469, 1),
(3902, 4, 3286, 2),
(3903, 4, 3287, 1),
(3904, 4, 3288, 1),
(3905, 4, 3289, 1),
(3906, 4, 3290, 1),
(3907, 4, 3291, 1),
(3908, 4, 3292, 1),
(3909, 4, 380, 1),
(3910, 4, 3293, 1),
(3911, 4, 3294, 2),
(3912, 4, 3295, 1),
(3913, 4, 3296, 1),
(3914, 4, 3297, 1),
(3915, 4, 3298, 1),
(3916, 4, 3299, 1),
(3917, 4, 3300, 2),
(3918, 4, 3301, 2),
(3919, 4, 3302, 1),
(3920, 4, 63, 1),
(3921, 4, 3303, 3),
(3922, 4, 3304, 1),
(3923, 4, 3305, 1),
(3924, 4, 3306, 1),
(3925, 4, 3307, 1),
(3926, 4, 3308, 1),
(3927, 4, 3309, 1),
(3928, 4, 3310, 1),
(3929, 4, 3311, 2),
(3930, 4, 3312, 1),
(3931, 4, 3313, 1),
(3932, 4, 3314, 1),
(3933, 4, 3315, 2),
(3934, 4, 3316, 1),
(3935, 4, 3317, 1),
(3936, 4, 3318, 1),
(3937, 4, 3319, 1),
(3938, 4, 3320, 1),
(3939, 4, 3321, 1),
(3940, 4, 3322, 2),
(3941, 4, 3323, 1),
(3942, 4, 3324, 22),
(3943, 4, 3325, 1),
(3944, 4, 3326, 1),
(3945, 4, 3327, 1),
(3946, 4, 3328, 3),
(3947, 4, 71, 1),
(3948, 4, 3329, 1),
(3949, 4, 3330, 1),
(3950, 4, 3331, 1),
(3951, 4, 775, 2),
(3952, 4, 3332, 1),
(3953, 4, 3333, 1),
(3954, 4, 3334, 1),
(3955, 4, 3335, 1),
(3956, 4, 3336, 1),
(3957, 4, 3337, 1),
(3958, 4, 3338, 1),
(3959, 4, 3339, 1),
(3960, 4, 3340, 1),
(3961, 4, 3341, 1),
(3962, 4, 3342, 1),
(3963, 4, 3343, 1),
(3964, 4, 3344, 1),
(3965, 4, 3345, 1),
(3966, 4, 3346, 1),
(3967, 4, 3347, 2),
(3968, 4, 3348, 1),
(3969, 4, 3349, 1),
(3970, 4, 3350, 4),
(3971, 4, 3351, 1),
(3972, 4, 3352, 1),
(3973, 4, 3353, 2),
(3974, 4, 1317, 1),
(3975, 4, 3354, 1),
(3976, 4, 3355, 1),
(3977, 4, 3356, 1),
(3978, 4, 3357, 1),
(3979, 4, 3358, 1),
(3980, 4, 650, 1),
(3981, 4, 3359, 1),
(3982, 4, 3360, 1),
(3983, 4, 3361, 1),
(3984, 4, 3362, 1),
(3985, 4, 3363, 1),
(3986, 4, 3364, 1),
(3987, 4, 3365, 1),
(3988, 4, 3366, 1),
(3989, 4, 3367, 1),
(3990, 4, 3368, 1),
(3991, 4, 3369, 1),
(3992, 4, 3370, 1),
(3993, 4, 3371, 3),
(3994, 4, 3372, 1),
(3995, 4, 3373, 1),
(3996, 4, 3374, 1),
(3997, 4, 3375, 1),
(3998, 4, 3376, 6),
(3999, 4, 3377, 1),
(4000, 4, 3378, 1),
(4001, 4, 3379, 1),
(4002, 4, 3380, 2),
(4003, 4, 3381, 1),
(4004, 4, 3382, 1),
(4005, 4, 3383, 1),
(4006, 4, 3384, 8),
(4007, 4, 3385, 1),
(4008, 4, 3386, 1),
(4009, 4, 3387, 2),
(4010, 4, 3388, 1),
(4011, 4, 3389, 1),
(4012, 4, 3390, 1),
(4013, 4, 3391, 1),
(4014, 4, 3392, 1),
(4015, 4, 3393, 1),
(4016, 4, 3394, 1),
(4017, 4, 3395, 1),
(4018, 4, 3396, 1),
(4019, 4, 3397, 1),
(4020, 4, 3398, 1),
(4021, 4, 3399, 1),
(4022, 4, 3400, 1),
(4023, 4, 3401, 1),
(4024, 4, 3402, 1),
(4025, 4, 3403, 2),
(4026, 4, 3404, 1),
(4027, 4, 3405, 2),
(4028, 4, 3406, 2),
(4029, 4, 3407, 1),
(4030, 4, 3408, 1),
(4031, 4, 3409, 1),
(4032, 4, 3410, 2),
(4033, 4, 3411, 1),
(4034, 4, 3412, 1),
(4035, 4, 699, 1),
(4036, 4, 3413, 1),
(4037, 4, 3414, 1),
(4038, 4, 3415, 2),
(4039, 4, 3416, 1),
(4040, 4, 3417, 1),
(4041, 4, 3418, 1),
(4042, 4, 3419, 1),
(4043, 4, 3420, 1),
(4044, 4, 3421, 1),
(4045, 4, 3422, 2),
(4046, 4, 3423, 1),
(4047, 4, 3424, 1),
(4048, 4, 3425, 1),
(4049, 4, 3426, 1),
(4050, 4, 3427, 1),
(4051, 4, 3428, 1),
(4052, 4, 3429, 1),
(4053, 4, 3430, 1),
(4054, 4, 3431, 1),
(4055, 4, 3432, 1),
(4056, 4, 3433, 1),
(4057, 4, 3434, 1),
(4058, 4, 3435, 1),
(4059, 4, 3436, 2),
(4060, 4, 3437, 1),
(4061, 4, 3438, 1),
(4062, 4, 3439, 1),
(4063, 4, 3440, 1),
(4064, 4, 3441, 2),
(4065, 4, 3442, 2),
(4066, 4, 3443, 1),
(4067, 4, 3444, 1),
(4068, 4, 3445, 3),
(4069, 4, 3446, 1),
(4070, 4, 3447, 1),
(4071, 4, 3448, 1),
(4072, 4, 3449, 1),
(4073, 4, 1327, 1),
(4074, 4, 3450, 1),
(4075, 4, 3451, 2),
(4076, 4, 3452, 1),
(4077, 4, 3453, 1),
(4078, 4, 3454, 1),
(4079, 4, 3455, 1),
(4080, 4, 3456, 1),
(4081, 4, 3457, 1),
(4082, 4, 3458, 1),
(4083, 4, 3459, 1),
(4084, 4, 672, 1),
(4085, 4, 3460, 2),
(4086, 4, 3461, 1),
(4087, 4, 3462, 1),
(4088, 4, 3463, 3),
(4089, 4, 3464, 1),
(4090, 4, 3465, 1),
(4091, 4, 3466, 1),
(4092, 4, 3467, 7),
(4093, 4, 3468, 1),
(4094, 4, 3469, 1),
(4095, 4, 3470, 2),
(4096, 4, 3471, 1),
(4097, 4, 3472, 1),
(4098, 4, 3473, 1),
(4099, 4, 3474, 1),
(4100, 4, 3475, 3),
(4101, 4, 3476, 1),
(4102, 4, 3477, 1),
(4103, 4, 3478, 2),
(4104, 4, 3479, 1),
(4105, 4, 3480, 3),
(4106, 4, 3481, 2),
(4107, 4, 3482, 1),
(4108, 4, 3483, 1),
(4109, 4, 3484, 1),
(4110, 4, 3485, 1),
(4111, 4, 3486, 1),
(4112, 4, 3487, 1),
(4113, 4, 3488, 1),
(4114, 4, 3489, 3),
(4115, 4, 3490, 1),
(4116, 4, 3491, 2),
(4117, 4, 3492, 1),
(4118, 4, 3493, 1),
(4119, 4, 3494, 8),
(4120, 4, 3495, 1),
(4121, 4, 3496, 1),
(4122, 4, 3497, 1),
(4123, 4, 3498, 3),
(4124, 4, 3499, 1),
(4125, 4, 3500, 1),
(4126, 4, 3501, 2),
(4127, 4, 3502, 1),
(4128, 4, 3503, 1),
(4129, 4, 3504, 1),
(4130, 4, 3505, 1),
(4131, 4, 3506, 1),
(4132, 4, 3507, 1),
(4133, 4, 3508, 1),
(4134, 4, 3509, 2),
(4135, 4, 3510, 1),
(4136, 4, 3511, 1),
(4137, 4, 3512, 1),
(4138, 4, 3513, 1),
(4139, 4, 3514, 1),
(4140, 4, 3515, 1),
(4141, 4, 3516, 1),
(4142, 4, 3517, 1),
(4143, 4, 3518, 1),
(4144, 4, 3519, 1),
(4145, 4, 3520, 1),
(4146, 4, 3521, 1),
(4147, 4, 3522, 1),
(4148, 4, 3523, 1),
(4149, 4, 9, 1),
(4150, 4, 3524, 2),
(4151, 4, 3525, 3),
(4152, 4, 3526, 2),
(4153, 4, 3527, 1),
(4154, 4, 3528, 1),
(4155, 4, 3529, 1),
(4156, 4, 3530, 1),
(4157, 4, 3531, 1),
(4158, 4, 3532, 1),
(4159, 4, 3533, 3),
(4160, 4, 3534, 2),
(4161, 4, 1304, 2),
(4162, 4, 3535, 1),
(4163, 4, 3536, 2),
(4164, 4, 3537, 1),
(4165, 4, 3538, 1),
(4166, 4, 3539, 1),
(4167, 4, 3540, 1),
(4168, 4, 3541, 1),
(4169, 4, 3542, 1),
(4170, 4, 3543, 1),
(4171, 4, 3544, 1),
(4172, 4, 641, 1),
(4173, 4, 3545, 1),
(4174, 4, 3546, 1),
(4175, 4, 3547, 1),
(4176, 4, 3548, 1),
(4177, 4, 3549, 1),
(4178, 4, 3550, 1),
(4179, 4, 3551, 1),
(4180, 4, 3552, 1),
(4181, 4, 3553, 1),
(4182, 4, 1102, 1),
(4183, 4, 3554, 1),
(4184, 4, 3555, 1),
(4185, 4, 3556, 3),
(4186, 4, 3557, 1),
(4187, 4, 3558, 1),
(4188, 4, 3559, 1),
(4189, 4, 312, 1),
(4190, 4, 3560, 1),
(4191, 4, 3561, 2),
(4192, 4, 3562, 1),
(4193, 4, 3563, 1),
(4194, 4, 3564, 1),
(4195, 4, 3565, 1),
(4196, 4, 3566, 1),
(4197, 4, 3567, 1),
(4198, 4, 3568, 1),
(4199, 4, 3569, 2),
(4200, 4, 3570, 1),
(4201, 4, 3571, 2),
(4202, 4, 3572, 1),
(4203, 4, 3573, 1),
(4204, 4, 3574, 2),
(4205, 4, 3575, 1),
(4206, 4, 3576, 1),
(4207, 4, 3577, 1),
(4208, 4, 1060, 2),
(4209, 4, 3578, 1),
(4210, 4, 3579, 1),
(4211, 4, 3580, 1),
(4212, 4, 3581, 1),
(4213, 4, 3582, 1),
(4214, 4, 3583, 1),
(4215, 4, 517, 1),
(4216, 4, 3584, 1),
(4217, 4, 3585, 1),
(4218, 4, 376, 1),
(4219, 4, 3586, 2),
(4220, 4, 3587, 1),
(4221, 4, 3588, 1),
(4222, 4, 3589, 1),
(4223, 4, 419, 3),
(4224, 4, 3590, 1),
(4225, 4, 278, 1),
(4226, 4, 3591, 1),
(4227, 4, 54, 5),
(4228, 4, 3592, 1),
(4229, 4, 3593, 1),
(4230, 4, 3594, 2),
(4231, 4, 3595, 2),
(4232, 4, 3596, 2),
(4233, 4, 3597, 1),
(4234, 4, 3598, 1),
(4235, 4, 3599, 1),
(4236, 4, 72, 1),
(4237, 4, 3600, 1),
(4238, 4, 3601, 1),
(4239, 4, 3602, 1),
(4240, 4, 3603, 1),
(4241, 4, 3604, 2),
(4242, 4, 3605, 2),
(4243, 4, 3606, 2),
(4244, 4, 3607, 2),
(4245, 4, 3608, 5),
(4246, 4, 3609, 2),
(4247, 4, 3610, 2),
(4248, 4, 721, 1),
(4249, 4, 3611, 1),
(4250, 4, 3612, 1),
(4251, 4, 3613, 1),
(4252, 4, 3614, 1),
(4253, 4, 3615, 1),
(4254, 4, 3616, 1),
(4255, 4, 3617, 2),
(4256, 4, 3618, 2),
(4257, 4, 722, 1),
(4258, 4, 3619, 4),
(4259, 4, 3620, 1),
(4260, 4, 3621, 1),
(4261, 4, 3622, 1),
(4262, 4, 3623, 1),
(4263, 4, 3624, 2),
(4264, 4, 1395, 1),
(4265, 4, 3625, 1),
(4266, 4, 3626, 1),
(4267, 4, 3627, 2),
(4268, 4, 3628, 1),
(4269, 4, 3629, 1),
(4270, 4, 3630, 1),
(4271, 4, 73, 2),
(4272, 4, 418, 4),
(4273, 4, 3631, 1),
(4274, 4, 88, 1),
(4275, 4, 3632, 1),
(4276, 4, 3633, 1),
(4277, 4, 3634, 1),
(4278, 4, 3635, 1),
(4279, 4, 3636, 1),
(4280, 4, 3637, 1),
(4281, 4, 752, 2),
(4282, 4, 3638, 1),
(4283, 4, 910, 2),
(4284, 4, 954, 1),
(4285, 4, 3639, 1),
(4286, 4, 3640, 1),
(4287, 4, 3641, 1),
(4288, 4, 3642, 1),
(4289, 4, 3643, 1),
(4290, 4, 3644, 1),
(4291, 4, 370, 1),
(4292, 4, 3645, 1),
(4293, 4, 3646, 1),
(4294, 4, 3647, 1),
(4295, 4, 3648, 2),
(4296, 4, 785, 1),
(4297, 4, 3649, 4),
(4298, 4, 3650, 2),
(4299, 4, 3651, 1),
(4300, 4, 3652, 1),
(4301, 4, 3653, 1),
(4302, 4, 3655, 1),
(4303, 4, 3656, 1),
(4304, 4, 3657, 1),
(4305, 4, 3658, 1),
(4306, 4, 3659, 1),
(4307, 4, 3660, 1),
(4308, 4, 3661, 1),
(4309, 4, 3662, 1),
(4310, 4, 3663, 2),
(4311, 4, 3664, 1),
(4312, 4, 3665, 2),
(4313, 4, 574, 1),
(4314, 4, 3666, 1),
(4315, 4, 3667, 1),
(4316, 4, 3668, 1),
(4317, 4, 3669, 1),
(4318, 4, 3670, 1),
(4319, 4, 3671, 1),
(4320, 4, 3672, 1),
(4321, 4, 3673, 1),
(4322, 4, 3674, 1),
(4323, 4, 3675, 1),
(4324, 4, 3676, 1),
(4325, 4, 3677, 1),
(4326, 4, 3678, 1),
(4327, 4, 3679, 1),
(4328, 4, 3680, 1),
(4329, 4, 1010, 1),
(4330, 4, 3681, 1),
(4331, 4, 3682, 1),
(4332, 4, 3683, 1),
(4333, 4, 3684, 1),
(4334, 4, 3685, 2),
(4335, 4, 242, 1),
(4336, 4, 479, 2),
(4337, 4, 3686, 2),
(4338, 4, 3687, 1),
(4339, 4, 3688, 1),
(4340, 4, 3689, 1),
(4341, 4, 3690, 1),
(4342, 4, 3691, 1),
(4343, 4, 3692, 1),
(4344, 4, 3693, 1),
(4345, 4, 3694, 1),
(4346, 4, 3695, 1),
(4347, 4, 3696, 1),
(4348, 4, 3697, 1),
(4349, 4, 3698, 1),
(4350, 4, 3699, 1),
(4351, 4, 3700, 2),
(4352, 4, 3701, 1),
(4353, 4, 3703, 1),
(4354, 4, 3704, 1),
(4355, 4, 871, 1),
(4356, 4, 3705, 2),
(4357, 4, 3706, 1),
(4358, 4, 3707, 1),
(4359, 4, 3708, 2),
(4360, 4, 3709, 1),
(4361, 4, 3710, 1),
(4362, 4, 3711, 2),
(4363, 4, 3712, 1),
(4364, 4, 3713, 1),
(4365, 4, 3714, 1),
(4366, 4, 3715, 2),
(4367, 4, 3716, 2),
(4368, 4, 3717, 3),
(4369, 4, 3718, 1),
(4370, 4, 3719, 1),
(4371, 4, 3720, 1),
(4372, 4, 267, 1),
(4373, 4, 3721, 1),
(4374, 4, 3722, 1),
(4375, 4, 3723, 1),
(4376, 4, 1258, 1),
(4377, 4, 3724, 1),
(4378, 4, 3725, 1),
(4379, 4, 3726, 1),
(4380, 4, 3727, 1),
(4381, 4, 3728, 1),
(4382, 4, 465, 1),
(4383, 4, 3729, 1),
(4384, 4, 3730, 1),
(4385, 4, 3731, 1),
(4386, 4, 3732, 1),
(4387, 4, 3733, 1),
(4388, 4, 325, 2),
(4389, 4, 1239, 1),
(4390, 4, 285, 1),
(4391, 4, 613, 1),
(4392, 4, 3734, 1),
(4393, 4, 162, 3),
(4394, 4, 3735, 2),
(4395, 4, 3736, 3),
(4396, 4, 3737, 1),
(4397, 4, 3738, 1),
(4398, 4, 334, 4),
(4399, 4, 3739, 1),
(4400, 4, 3740, 1),
(4401, 4, 3741, 1),
(4402, 4, 3742, 1),
(4403, 4, 3743, 1),
(4404, 4, 3744, 1),
(4405, 4, 630, 1),
(4406, 4, 3745, 1),
(4407, 4, 3746, 1),
(4408, 4, 3747, 1),
(4409, 4, 903, 2),
(4410, 4, 3748, 1),
(4411, 4, 3749, 2),
(4412, 4, 3750, 1),
(4413, 4, 3751, 1),
(4414, 4, 3752, 1),
(4415, 4, 3753, 2),
(4416, 4, 3754, 2),
(4417, 4, 3755, 2),
(4418, 4, 3756, 2),
(4419, 4, 3757, 1),
(4420, 4, 3758, 1),
(4421, 4, 3759, 1),
(4422, 4, 3760, 1),
(4423, 4, 3761, 1),
(4424, 4, 3763, 2),
(4425, 4, 3764, 1),
(4426, 4, 3765, 1),
(4427, 4, 3766, 2),
(4428, 4, 3767, 1),
(4429, 4, 3768, 1),
(4430, 4, 3769, 1),
(4431, 4, 3770, 1),
(4432, 4, 688, 1),
(4433, 4, 3771, 1),
(4434, 4, 3772, 1),
(4435, 4, 3773, 1),
(4436, 4, 891, 1),
(4437, 4, 3774, 1),
(4438, 4, 3775, 1),
(4439, 4, 3776, 1),
(4440, 4, 3777, 1),
(4441, 4, 3778, 1),
(4442, 4, 3779, 1),
(4443, 4, 3780, 2),
(4444, 4, 3781, 1),
(4445, 4, 3782, 1),
(4446, 4, 3783, 1),
(4447, 4, 825, 2),
(4448, 4, 3784, 1),
(4449, 4, 3785, 1),
(4450, 4, 3786, 1),
(4451, 4, 3788, 1),
(4452, 4, 3789, 1),
(4453, 4, 3790, 3),
(4454, 4, 3791, 1),
(4455, 4, 3792, 1),
(4456, 4, 3793, 1),
(4457, 4, 3794, 1),
(4458, 4, 3795, 1),
(4459, 4, 3796, 1),
(4460, 4, 3797, 1),
(4461, 4, 3798, 1),
(4462, 4, 3799, 1),
(4463, 4, 3801, 1),
(4464, 4, 3802, 1),
(4465, 4, 3803, 1),
(4466, 4, 3804, 1),
(4467, 4, 3805, 1),
(4468, 4, 3806, 1),
(4469, 4, 3807, 1),
(4470, 4, 3808, 1),
(4471, 4, 3809, 1),
(4472, 4, 3810, 1),
(4473, 4, 3811, 1),
(4474, 4, 3812, 1),
(4475, 4, 3813, 1),
(4476, 4, 3814, 3),
(4477, 4, 3815, 1),
(4478, 4, 3816, 1),
(4479, 4, 3817, 2),
(4480, 4, 3818, 1),
(4481, 4, 3819, 1),
(4482, 4, 3820, 1),
(4483, 4, 3821, 1),
(4484, 4, 3822, 1),
(4485, 4, 3823, 1),
(4486, 4, 3824, 2),
(4487, 4, 3825, 1),
(4488, 4, 3826, 1),
(4489, 4, 3827, 1),
(4490, 4, 3828, 1),
(4491, 4, 3829, 1),
(4492, 4, 3830, 1),
(4493, 4, 3831, 2),
(4494, 4, 3832, 1),
(4495, 4, 3833, 2),
(4496, 4, 3834, 1),
(4497, 4, 3835, 1),
(4498, 4, 3836, 1),
(4499, 4, 3837, 1),
(4500, 4, 3838, 1),
(4501, 4, 3839, 1),
(4502, 4, 3840, 1),
(4503, 4, 3841, 1),
(4504, 4, 3842, 1),
(4505, 4, 3843, 1),
(4506, 4, 3844, 1),
(4507, 4, 3845, 1),
(4508, 4, 3846, 2),
(4509, 4, 3847, 1),
(4510, 4, 3848, 1),
(4511, 4, 3849, 1),
(4512, 4, 3850, 1),
(4513, 4, 3851, 1),
(4514, 4, 3852, 1),
(4515, 4, 3853, 2),
(4516, 4, 3854, 2),
(4517, 4, 3855, 1),
(4518, 4, 3856, 1),
(4519, 4, 3857, 1),
(4520, 4, 3858, 1),
(4521, 4, 3859, 1),
(4522, 4, 3860, 1),
(4523, 4, 64, 1),
(4524, 4, 96, 2),
(4525, 4, 3861, 1),
(4526, 4, 3862, 2),
(4527, 4, 3863, 1),
(4528, 4, 3864, 1),
(4529, 4, 3865, 1),
(4530, 4, 3866, 1),
(4531, 4, 3867, 1),
(4532, 4, 3868, 1),
(4533, 4, 3869, 1),
(4534, 4, 3870, 1),
(4535, 4, 3871, 1),
(4536, 4, 3872, 1),
(4537, 4, 1281, 3),
(4538, 4, 3873, 1),
(4539, 4, 3874, 1),
(4540, 4, 3875, 1),
(4541, 4, 3876, 1),
(4542, 4, 3877, 1),
(4543, 4, 3878, 1),
(4544, 4, 3879, 1),
(4545, 4, 3880, 1),
(4546, 4, 3881, 1),
(4547, 4, 3882, 1),
(4548, 4, 3883, 1),
(4549, 4, 3884, 1),
(4550, 4, 3885, 1),
(4551, 4, 3886, 1),
(4552, 4, 3887, 1),
(4553, 4, 3888, 1),
(4554, 4, 3890, 1),
(4555, 4, 3891, 1),
(4556, 4, 53, 2),
(4557, 4, 3892, 1),
(4558, 4, 3894, 1),
(4559, 4, 3895, 1),
(4560, 4, 3896, 1),
(4561, 4, 3897, 1),
(4562, 4, 3898, 56),
(4563, 4, 3899, 1),
(4564, 4, 3900, 1),
(4565, 4, 3901, 1),
(4566, 4, 3902, 1),
(4567, 4, 3903, 1),
(4568, 4, 3904, 1),
(4569, 4, 3906, 1),
(4570, 4, 3907, 1),
(4571, 4, 3908, 3),
(4572, 4, 3909, 1),
(4573, 4, 3910, 1),
(4574, 4, 3911, 1),
(4575, 4, 3912, 1),
(4576, 4, 3913, 1),
(4577, 4, 3914, 1),
(4578, 4, 3915, 1),
(4579, 4, 3916, 1),
(4580, 4, 3917, 1),
(4581, 4, 3918, 1),
(4582, 4, 3919, 1),
(4583, 4, 3920, 1),
(4584, 4, 3921, 1),
(4585, 4, 3922, 1),
(4586, 4, 3923, 4),
(4587, 4, 3924, 1),
(4588, 4, 3925, 1),
(4589, 4, 3926, 4),
(4590, 4, 3927, 1),
(4591, 4, 3928, 14),
(4592, 4, 3929, 1),
(4593, 4, 3930, 1),
(4594, 4, 3931, 1),
(4595, 4, 3932, 2),
(4596, 4, 3933, 1),
(4597, 4, 3935, 1),
(4598, 4, 3936, 1),
(4599, 4, 3937, 2),
(4600, 4, 3938, 1),
(4601, 4, 3939, 1),
(4602, 4, 3940, 1),
(4603, 4, 3941, 1),
(4604, 4, 697, 2),
(4605, 4, 3942, 2),
(4606, 4, 3943, 1),
(4607, 4, 3944, 1),
(4608, 4, 296, 1),
(4609, 4, 3945, 1),
(4610, 4, 137, 2),
(4611, 4, 3946, 1),
(4612, 4, 3947, 1),
(4613, 4, 3948, 1),
(4614, 4, 1249, 1),
(4615, 4, 3949, 1),
(4616, 4, 3951, 1),
(4617, 4, 3952, 1),
(4618, 4, 385, 2),
(4619, 4, 3953, 2),
(4620, 4, 3954, 1),
(4621, 4, 3955, 1),
(4622, 4, 3956, 1),
(4623, 4, 3957, 1),
(4624, 4, 3958, 1),
(4625, 4, 3959, 1),
(4626, 4, 3960, 2),
(4627, 4, 1090, 1),
(4628, 4, 3961, 1),
(4629, 4, 3962, 1),
(4630, 4, 3964, 1),
(4631, 4, 3965, 1),
(4632, 4, 3966, 1),
(4633, 4, 3967, 2),
(4634, 4, 3968, 1),
(4635, 4, 3969, 1),
(4636, 4, 3970, 1),
(4637, 4, 3971, 1),
(4638, 4, 3972, 1),
(4639, 4, 3973, 2),
(4640, 4, 3974, 1),
(4641, 4, 3975, 1),
(4642, 4, 3976, 1),
(4643, 4, 3977, 1),
(4644, 4, 3978, 1),
(4645, 4, 3979, 2),
(4646, 4, 3980, 2),
(4647, 4, 3981, 2),
(4648, 4, 3982, 1),
(4649, 4, 3983, 1),
(4650, 4, 3984, 1),
(4651, 4, 3985, 1),
(4652, 4, 3986, 1),
(4653, 4, 3987, 3),
(4654, 4, 3988, 3),
(4655, 4, 3989, 1),
(4656, 4, 3990, 1),
(4657, 4, 3991, 1),
(4658, 4, 3992, 2),
(4659, 4, 3993, 1),
(4660, 4, 3994, 1),
(4661, 4, 3995, 1),
(4662, 4, 3996, 1),
(4663, 4, 3997, 1),
(4664, 4, 3998, 1),
(4665, 4, 3999, 1),
(4666, 4, 4000, 2),
(4667, 4, 4001, 1),
(4668, 4, 4002, 2),
(4669, 4, 4003, 1),
(4670, 4, 4004, 2),
(4671, 4, 4005, 1),
(4672, 4, 4006, 1),
(4673, 4, 4007, 1),
(4674, 4, 4008, 1),
(4675, 4, 4009, 1),
(4676, 4, 414, 3),
(4677, 4, 4010, 3),
(4678, 4, 4011, 1),
(4679, 4, 4012, 2),
(4680, 4, 4013, 1),
(4681, 4, 4014, 1),
(4682, 4, 4015, 1),
(4683, 4, 4016, 1),
(4684, 4, 753, 1),
(4685, 4, 4018, 1),
(4686, 4, 4019, 1),
(4687, 4, 4020, 1),
(4688, 4, 4021, 2),
(4689, 4, 4023, 1),
(4690, 4, 4024, 1),
(4691, 4, 4025, 1),
(4692, 4, 4026, 1),
(4693, 4, 4027, 1),
(4694, 4, 4028, 1),
(4695, 4, 4029, 1),
(4696, 4, 4030, 1),
(4697, 4, 4031, 3),
(4698, 4, 4032, 1),
(4699, 4, 4033, 1),
(4700, 4, 4034, 1),
(4701, 4, 4035, 1),
(4702, 4, 4036, 1),
(4703, 4, 4037, 1),
(4704, 4, 106, 1),
(4705, 4, 848, 1),
(4706, 4, 4038, 1),
(4707, 4, 4039, 1),
(4708, 4, 4040, 1),
(4709, 4, 4041, 1),
(4710, 4, 4042, 1),
(4711, 4, 324, 1),
(4712, 4, 4043, 1),
(4713, 4, 492, 1),
(4714, 4, 4044, 1),
(4715, 4, 4045, 1),
(4716, 4, 4046, 1),
(4717, 4, 4047, 1),
(4718, 4, 397, 1),
(4719, 4, 4048, 1),
(4720, 4, 4049, 1),
(4721, 4, 4050, 1),
(4722, 4, 4051, 1),
(4723, 4, 4052, 2),
(4724, 4, 4053, 1),
(4725, 4, 4054, 1),
(4726, 4, 4055, 1),
(4727, 4, 4056, 1),
(4728, 4, 4057, 1),
(4729, 4, 4058, 1),
(4730, 4, 4059, 1),
(4731, 4, 4060, 1),
(4732, 4, 4061, 1),
(4733, 4, 4062, 1),
(4734, 4, 4063, 1),
(4735, 4, 4064, 1),
(4736, 4, 4065, 1),
(4737, 4, 4066, 1),
(4738, 4, 4067, 1),
(4739, 4, 4068, 1),
(4740, 4, 4069, 1),
(4741, 4, 4070, 1),
(4742, 4, 4071, 1),
(4743, 4, 4072, 1),
(4744, 4, 4073, 1),
(4745, 4, 289, 1),
(4746, 4, 4074, 1),
(4747, 4, 4075, 1),
(4748, 4, 4076, 1),
(4749, 4, 1252, 1),
(4750, 4, 4077, 1),
(4751, 4, 4078, 1),
(4752, 4, 4079, 1),
(4753, 4, 4080, 1),
(4754, 4, 4081, 1),
(4755, 4, 4082, 1),
(4756, 4, 4083, 1),
(4757, 4, 4084, 2),
(4758, 4, 4085, 1),
(4759, 4, 24, 2),
(4760, 4, 4086, 1),
(4761, 4, 4087, 1),
(4762, 4, 4088, 1),
(4763, 4, 4089, 2),
(4764, 4, 4090, 2),
(4765, 4, 4091, 1),
(4766, 4, 4092, 1),
(4767, 4, 4093, 1),
(4768, 4, 4094, 1),
(4769, 4, 4095, 1),
(4770, 4, 4096, 1),
(4771, 4, 4097, 1),
(4772, 4, 4098, 2),
(4773, 4, 4099, 1),
(4774, 4, 4100, 1),
(4775, 4, 4101, 1),
(4776, 4, 4102, 1),
(4777, 4, 4103, 1),
(4778, 4, 4104, 1),
(4779, 4, 4105, 1),
(4780, 4, 4106, 1),
(4781, 4, 4107, 1),
(4782, 4, 4108, 1),
(4783, 4, 4109, 1),
(4784, 4, 4111, 1),
(4785, 4, 4112, 1),
(4786, 4, 1364, 1),
(4787, 4, 4113, 1),
(4788, 4, 4114, 1),
(4789, 4, 4115, 1),
(4790, 4, 4117, 1),
(4791, 4, 4119, 1),
(4792, 4, 4120, 1),
(4793, 4, 4121, 1),
(4794, 4, 4122, 1),
(4795, 4, 4123, 1),
(4796, 4, 4124, 1),
(4797, 4, 4125, 1),
(4798, 4, 4126, 1),
(4799, 4, 4127, 1),
(4800, 4, 4128, 1),
(4801, 4, 4129, 1),
(4802, 4, 4130, 1),
(4803, 4, 4131, 1),
(4804, 4, 4132, 1),
(4805, 4, 4133, 1),
(4806, 4, 4134, 1),
(4807, 4, 4135, 1),
(4808, 4, 4136, 1),
(4809, 4, 4137, 1),
(4810, 4, 4138, 1),
(4811, 4, 4139, 1),
(4812, 4, 4140, 1),
(4813, 4, 4141, 1),
(4814, 4, 4142, 1),
(4815, 4, 4143, 1),
(4816, 4, 4144, 1),
(4817, 4, 4145, 1),
(4818, 4, 4146, 1),
(4819, 4, 4147, 1),
(4820, 4, 4148, 1),
(4821, 4, 4149, 1),
(4822, 4, 4150, 1),
(4823, 4, 1108, 1),
(4824, 4, 4151, 1),
(4825, 4, 4152, 1),
(4826, 4, 4153, 1),
(4827, 4, 4154, 1),
(4828, 4, 4155, 1),
(4829, 4, 4156, 1),
(4830, 4, 4157, 1),
(4831, 4, 4158, 1),
(4832, 4, 4159, 1),
(4833, 4, 4160, 1),
(4834, 4, 4161, 1),
(4835, 4, 4162, 1),
(4836, 4, 4163, 1),
(4837, 4, 4164, 1),
(4838, 4, 4165, 1),
(4839, 4, 4166, 1),
(4840, 4, 4167, 1),
(4841, 4, 4168, 1),
(4842, 4, 85, 1),
(4843, 4, 4169, 1),
(4844, 4, 1342, 1),
(4845, 4, 4170, 1),
(4846, 4, 4171, 1),
(4847, 4, 4172, 1),
(4848, 4, 4173, 1),
(4849, 4, 4174, 1),
(4850, 4, 4175, 1),
(4851, 4, 4176, 1),
(4852, 4, 4177, 1),
(4853, 4, 4178, 1),
(4854, 4, 4179, 1),
(4855, 4, 4180, 1),
(4856, 4, 4181, 1),
(4857, 4, 4182, 1),
(4858, 4, 4183, 1),
(4859, 4, 4184, 1),
(4860, 4, 4185, 1),
(4861, 4, 4186, 1),
(4862, 4, 4187, 1),
(4863, 4, 4188, 1),
(4864, 4, 4189, 1),
(4865, 4, 4191, 1),
(4866, 4, 4192, 1),
(4867, 4, 4193, 1),
(4868, 4, 315, 1),
(4869, 4, 4194, 1),
(4870, 4, 4195, 1),
(4871, 4, 4196, 1),
(4872, 4, 4197, 1),
(4873, 4, 4198, 1),
(4874, 4, 4199, 1),
(4875, 4, 4200, 1),
(4876, 4, 4201, 1),
(4877, 4, 4202, 1),
(4878, 4, 4203, 1),
(4879, 4, 4204, 1),
(4880, 4, 4205, 1),
(4881, 4, 4206, 1),
(4882, 4, 4207, 1),
(4883, 4, 4208, 1),
(4884, 4, 4209, 1),
(4885, 4, 4210, 1),
(4886, 4, 4211, 1),
(4887, 4, 4212, 1),
(4888, 4, 150, 1),
(4889, 4, 4213, 1),
(4890, 4, 4214, 1),
(4891, 4, 4215, 1),
(4892, 4, 4216, 1),
(4893, 4, 4217, 1),
(4894, 4, 4218, 1),
(4895, 4, 4219, 2),
(4896, 4, 4220, 1),
(4897, 4, 4221, 1),
(4898, 4, 4222, 1),
(4899, 4, 4223, 1),
(4900, 4, 4224, 1),
(4901, 4, 4225, 1),
(4902, 4, 4226, 1),
(4903, 4, 4227, 1),
(4904, 4, 4228, 1),
(4905, 4, 4229, 1),
(4906, 4, 4230, 1),
(4907, 4, 4231, 1),
(4908, 4, 4232, 1),
(4909, 4, 4233, 1),
(4910, 4, 4234, 1),
(4911, 4, 4235, 1),
(4912, 4, 4236, 1),
(4913, 4, 4237, 1),
(4914, 4, 4238, 1),
(4915, 4, 4239, 1),
(4916, 4, 4240, 1),
(4917, 4, 4241, 1),
(4918, 4, 4243, 1),
(4919, 4, 4244, 1),
(4920, 4, 4245, 1),
(4921, 4, 4246, 1),
(4922, 4, 4247, 1),
(4923, 4, 4248, 1),
(4924, 4, 4249, 1),
(4925, 4, 4250, 1),
(4926, 4, 4251, 2),
(4927, 4, 4252, 1),
(4928, 4, 4253, 1),
(4929, 4, 4254, 2),
(4930, 4, 4255, 1),
(4931, 4, 4256, 1),
(4932, 4, 4257, 1),
(4933, 4, 4258, 2),
(4934, 4, 4259, 2),
(4935, 4, 4260, 1),
(4936, 4, 4261, 1),
(4937, 4, 4262, 1),
(4938, 4, 4263, 1),
(4939, 4, 4264, 1),
(4940, 4, 4265, 1),
(4941, 4, 4266, 1),
(4942, 4, 4267, 1),
(4943, 4, 4268, 1),
(4944, 4, 4269, 1),
(4945, 4, 4270, 1),
(4946, 4, 4271, 2),
(4947, 4, 4272, 1),
(4948, 4, 4273, 1),
(4949, 4, 243, 1),
(4950, 4, 4274, 1),
(4951, 4, 4275, 1),
(4952, 4, 4276, 1),
(4953, 4, 4277, 1),
(4954, 4, 4278, 1),
(4955, 4, 4279, 1),
(4956, 4, 4280, 1),
(4957, 4, 4281, 1),
(4958, 4, 4282, 1),
(4959, 4, 4283, 1),
(4960, 4, 4284, 1),
(4961, 4, 4285, 1),
(4962, 4, 4286, 1),
(4963, 4, 4287, 2),
(4964, 4, 4288, 2),
(4965, 4, 4289, 1),
(4966, 4, 4290, 1),
(4967, 4, 4291, 1),
(4968, 4, 4292, 1),
(4969, 4, 4293, 1),
(4970, 4, 4294, 1),
(4971, 4, 4295, 1),
(4972, 4, 4296, 1),
(4973, 4, 4297, 1),
(4974, 4, 4298, 2),
(4975, 4, 4299, 1),
(4976, 4, 4300, 1),
(4977, 4, 4301, 1),
(4978, 4, 4302, 1),
(4979, 4, 4303, 1),
(4980, 4, 4304, 1),
(4981, 4, 4305, 1),
(4982, 4, 4306, 1),
(4983, 4, 4307, 1),
(4984, 4, 4308, 1),
(4985, 4, 4309, 1),
(4986, 4, 4310, 1),
(4987, 4, 4311, 1),
(4988, 4, 4312, 1),
(4989, 4, 4313, 1),
(4990, 4, 4314, 1),
(4991, 4, 4315, 1),
(4992, 4, 4316, 3),
(4993, 4, 4317, 1),
(4994, 4, 4318, 1),
(4995, 4, 4319, 1),
(4996, 4, 4320, 1),
(4997, 4, 4321, 1),
(4998, 4, 4322, 1),
(4999, 4, 4323, 1),
(5000, 4, 4324, 1),
(5001, 4, 4325, 1),
(5002, 4, 4326, 1),
(5003, 4, 4327, 1),
(5004, 4, 4328, 1),
(5005, 4, 4329, 1),
(5006, 4, 4330, 1),
(5007, 4, 4331, 1),
(5008, 4, 4332, 3),
(5009, 4, 4333, 1),
(5010, 4, 4334, 1),
(5011, 4, 4335, 1),
(5012, 4, 4336, 2),
(5013, 4, 4337, 1),
(5014, 4, 4338, 1),
(5015, 4, 4339, 1),
(5016, 4, 4340, 1),
(5017, 4, 4341, 1),
(5018, 4, 4342, 1),
(5019, 4, 4343, 1),
(5020, 4, 4344, 1),
(5021, 4, 4345, 1),
(5022, 4, 4346, 1),
(5023, 4, 4347, 1),
(5024, 4, 4348, 1),
(5025, 4, 4349, 1),
(5026, 4, 4350, 1),
(5027, 4, 4351, 1),
(5028, 4, 4352, 1),
(5029, 4, 4353, 1),
(5030, 4, 4354, 1),
(5031, 4, 4355, 1),
(5032, 4, 4356, 1),
(5033, 4, 4357, 1),
(5034, 4, 4358, 1),
(5035, 4, 4359, 1),
(5036, 4, 4360, 1),
(5037, 4, 4361, 1),
(5038, 4, 4362, 1),
(5039, 4, 4363, 1),
(5040, 4, 4364, 1),
(5041, 4, 4365, 1),
(5042, 4, 4366, 1),
(5043, 4, 4367, 1),
(5044, 4, 4368, 1),
(5045, 4, 4369, 1),
(5046, 4, 4370, 1),
(5047, 4, 4371, 1),
(5048, 4, 4372, 1),
(5049, 4, 4373, 1),
(5050, 4, 4374, 1),
(5051, 4, 4375, 1),
(5052, 4, 4376, 1),
(5053, 4, 4377, 1),
(5054, 4, 4378, 1),
(5055, 4, 4379, 1),
(5056, 4, 4380, 1),
(5057, 4, 4381, 1),
(5058, 4, 4382, 1),
(5059, 4, 4383, 1),
(5060, 4, 4384, 1),
(5061, 4, 4385, 1),
(5062, 4, 4386, 1),
(5063, 4, 4387, 1),
(5064, 4, 4388, 1),
(5065, 4, 4389, 1),
(5066, 4, 4390, 1),
(5067, 4, 4391, 1),
(5068, 4, 4392, 1),
(5069, 4, 4393, 1),
(5070, 4, 4394, 1),
(5071, 4, 4395, 1),
(5072, 4, 4396, 1),
(5073, 4, 4397, 1),
(5074, 4, 4398, 1),
(5075, 4, 4399, 1),
(5076, 4, 4400, 1),
(5077, 4, 4401, 1),
(5078, 4, 4402, 1),
(5079, 4, 4403, 2),
(5080, 4, 4404, 1),
(5081, 4, 4405, 1),
(5082, 4, 4406, 1),
(5083, 4, 4407, 1),
(5084, 4, 4408, 1),
(5085, 4, 4409, 1),
(5086, 4, 4410, 1),
(5087, 4, 4411, 1),
(5088, 4, 4412, 1),
(5089, 4, 4413, 1),
(5090, 4, 4414, 1),
(5091, 4, 4415, 1),
(5092, 4, 4416, 1),
(5093, 4, 4417, 1),
(5094, 4, 4418, 1),
(5095, 4, 4419, 1),
(5096, 4, 4420, 1),
(5097, 4, 4421, 1),
(5098, 4, 4422, 1),
(5099, 4, 4423, 1),
(5100, 4, 4424, 1),
(5101, 4, 4425, 1),
(5102, 4, 4426, 1),
(5103, 4, 4427, 1),
(5104, 4, 4428, 1),
(5105, 4, 4429, 1),
(5106, 4, 4430, 1),
(5107, 4, 4431, 1),
(5108, 4, 4432, 2),
(5109, 4, 4433, 2),
(5110, 4, 4434, 2),
(5111, 4, 4435, 1),
(5112, 4, 4436, 1),
(5113, 4, 4437, 1),
(5114, 4, 4438, 1),
(5115, 4, 4439, 1),
(5116, 4, 4440, 1),
(5117, 4, 4441, 1),
(5118, 4, 4442, 1),
(5119, 4, 4443, 1),
(5120, 4, 4444, 1),
(5121, 4, 4445, 1),
(5122, 4, 4446, 1),
(5123, 4, 4447, 1),
(5124, 4, 4448, 1),
(5125, 4, 4449, 1),
(5126, 4, 4450, 1),
(5127, 4, 4451, 1),
(5128, 4, 4452, 1),
(5129, 4, 4453, 1),
(5130, 4, 4454, 1),
(5131, 4, 4455, 1),
(5132, 4, 4456, 1),
(5133, 4, 4457, 1),
(5134, 4, 4458, 1),
(5135, 4, 4459, 1),
(5136, 4, 4460, 1),
(5137, 4, 4461, 1),
(5138, 4, 4462, 1),
(5139, 4, 4463, 1),
(5140, 4, 4464, 1),
(5141, 4, 4465, 1),
(5142, 4, 4466, 1),
(5143, 4, 4467, 1),
(5144, 4, 4468, 1),
(5145, 4, 4469, 2),
(5146, 4, 203, 1),
(5147, 4, 4470, 1),
(5148, 4, 4471, 1),
(5149, 4, 4472, 1),
(5150, 4, 4473, 1),
(5151, 4, 4474, 1),
(5152, 4, 4475, 1),
(5153, 4, 4476, 1),
(5154, 4, 4477, 1),
(5155, 4, 4478, 1),
(5156, 4, 4479, 1),
(5157, 4, 4480, 1),
(5158, 4, 4481, 1),
(5159, 4, 4482, 1),
(5160, 4, 4483, 1),
(5161, 4, 4484, 1),
(5162, 4, 4485, 1),
(5163, 4, 4486, 1),
(5164, 4, 4487, 1),
(5165, 4, 4488, 1),
(5166, 4, 4489, 1),
(5167, 4, 4490, 2),
(5168, 4, 4491, 1),
(5169, 4, 4492, 1),
(5170, 4, 4493, 1),
(5171, 4, 4494, 1),
(5172, 4, 4495, 1),
(5173, 4, 4496, 1),
(5174, 4, 4497, 1),
(5175, 4, 4498, 1),
(5176, 4, 4499, 1),
(5177, 4, 4500, 1),
(5178, 4, 4501, 1),
(5179, 4, 4502, 2),
(5180, 4, 4503, 1),
(5181, 4, 4504, 1),
(5182, 4, 4505, 1),
(5183, 4, 4506, 1),
(5184, 4, 4507, 1),
(5185, 4, 4508, 1),
(5186, 4, 4509, 1),
(5187, 4, 4510, 1),
(5188, 4, 4511, 1),
(5189, 4, 4512, 1),
(5190, 4, 4513, 1),
(5191, 4, 4514, 1),
(5192, 4, 4515, 1),
(5193, 4, 4516, 1),
(5194, 4, 4517, 1),
(5195, 4, 4518, 1),
(5196, 4, 4519, 1),
(5197, 4, 4520, 1),
(5198, 4, 4521, 1),
(5199, 4, 4522, 4),
(5200, 4, 4523, 1),
(5201, 4, 361, 1),
(5202, 4, 4524, 1),
(5203, 4, 4525, 1),
(5204, 4, 4526, 20),
(5205, 4, 4527, 1),
(5206, 4, 4528, 1),
(5207, 4, 4529, 3),
(5208, 4, 4530, 1),
(5209, 4, 4531, 1),
(5210, 4, 4532, 1),
(5211, 4, 4533, 1),
(5212, 4, 4534, 1),
(5213, 4, 4535, 1),
(5214, 4, 4536, 1),
(5215, 4, 4537, 1),
(5216, 4, 4538, 1),
(5217, 4, 4539, 1),
(5218, 4, 4540, 1),
(5219, 4, 4541, 1),
(5220, 4, 4542, 1),
(5221, 4, 4543, 1),
(5222, 4, 4544, 1),
(5223, 4, 4545, 1),
(5224, 4, 4546, 1),
(5225, 4, 4547, 1),
(5226, 4, 4548, 1),
(5227, 4, 4549, 1),
(5228, 4, 4550, 1),
(5229, 4, 4551, 1),
(5230, 4, 4552, 1),
(5231, 4, 4553, 1),
(5232, 4, 4554, 1),
(5233, 4, 4555, 1),
(5234, 4, 4556, 1),
(5235, 4, 4557, 1),
(5236, 4, 4558, 1),
(5237, 4, 4559, 1),
(5238, 4, 4560, 1),
(5239, 4, 4561, 1),
(5240, 4, 4562, 1),
(5241, 4, 4563, 1),
(5242, 4, 4564, 1),
(5243, 4, 4565, 1),
(5244, 4, 4566, 1),
(5245, 4, 4567, 1),
(5246, 4, 4568, 1),
(5247, 4, 4569, 1),
(5248, 4, 4570, 1),
(5249, 4, 4571, 1),
(5250, 4, 4572, 1),
(5251, 4, 4573, 1),
(5252, 4, 4574, 1),
(5253, 4, 4575, 1),
(5254, 4, 822, 1),
(5255, 4, 4576, 1),
(5256, 4, 4577, 1),
(5257, 4, 4578, 1),
(5258, 4, 4579, 1),
(5259, 4, 4580, 1),
(5260, 4, 4581, 1),
(5261, 4, 4582, 1),
(5262, 4, 4583, 1),
(5263, 4, 4584, 1),
(5264, 4, 4585, 3),
(5265, 4, 4586, 1),
(5266, 4, 4587, 1),
(5267, 4, 223, 2),
(5268, 4, 4588, 1),
(5269, 4, 4589, 1),
(5270, 4, 4590, 1),
(5271, 4, 4591, 1),
(5272, 4, 4592, 1),
(5273, 4, 4593, 1),
(5274, 4, 4594, 1),
(5275, 4, 4595, 1),
(5276, 4, 4596, 1),
(5277, 4, 4597, 1),
(5278, 4, 4598, 1),
(5279, 4, 33, 3),
(5280, 4, 4599, 1),
(5281, 4, 4600, 1),
(5282, 4, 741, 1),
(5283, 4, 4601, 1),
(5284, 4, 4602, 1),
(5285, 4, 4603, 1),
(5286, 4, 4604, 1),
(5287, 4, 4605, 1),
(5288, 4, 4606, 3),
(5289, 4, 4607, 2),
(5290, 4, 58, 1),
(5291, 4, 4608, 1),
(5292, 4, 4609, 1),
(5293, 4, 4610, 1),
(5294, 4, 4611, 1),
(5295, 4, 480, 1),
(5296, 4, 4612, 1),
(5297, 4, 4613, 1),
(5298, 4, 4614, 1),
(5299, 4, 4615, 1),
(5300, 4, 4616, 1),
(5301, 4, 4617, 1),
(5302, 4, 945, 1),
(5303, 4, 4618, 1),
(5304, 4, 4619, 2),
(5305, 4, 413, 1),
(5306, 4, 1261, 2),
(5307, 4, 4620, 1),
(5308, 4, 4621, 1),
(5309, 4, 4622, 1),
(5310, 4, 4623, 2),
(5311, 4, 4624, 1),
(5312, 4, 4625, 1),
(5313, 4, 4626, 1),
(5314, 4, 4627, 1),
(5315, 4, 4628, 1),
(5316, 4, 4629, 1),
(5317, 4, 217, 1),
(5318, 4, 4630, 1),
(5319, 4, 4631, 1),
(5320, 4, 4632, 1),
(5321, 4, 4633, 1),
(5322, 4, 4634, 1),
(5323, 4, 4635, 1),
(5324, 4, 4636, 1),
(5325, 4, 4637, 1),
(5326, 4, 4638, 1),
(5327, 4, 4640, 1),
(5328, 4, 4641, 1),
(5329, 4, 279, 1),
(5330, 4, 4642, 1),
(5331, 4, 4643, 1),
(5332, 4, 486, 1),
(5333, 4, 4644, 1),
(5334, 4, 4645, 1),
(5335, 4, 4646, 1),
(5336, 4, 272, 1),
(5337, 4, 4647, 1),
(5338, 4, 4648, 1),
(5339, 4, 4649, 4),
(5340, 4, 4650, 2),
(5341, 4, 4651, 2),
(5342, 4, 4652, 2),
(5343, 4, 4653, 2),
(5344, 4, 4654, 1),
(5345, 4, 4655, 1),
(5346, 4, 4656, 1),
(5347, 4, 4658, 1),
(5348, 4, 4660, 1),
(5349, 4, 4661, 10),
(5350, 4, 4663, 10),
(5351, 4, 4665, 1),
(5352, 4, 4668, 1),
(5353, 4, 4670, 1),
(5354, 4, 4671, 1),
(5355, 4, 4672, 1),
(5356, 4, 4673, 1),
(5357, 4, 4676, 1),
(5358, 4, 4678, 1),
(5359, 4, 4681, 1),
(5360, 4, 4683, 9),
(5361, 4, 4687, 1),
(5362, 4, 4689, 1),
(5363, 4, 4692, 1),
(5364, 4, 4694, 1),
(5365, 4, 4696, 1),
(5366, 4, 4698, 1),
(5367, 4, 4699, 1),
(5368, 4, 4700, 1),
(5369, 4, 1351, 1),
(5370, 4, 4702, 1),
(5371, 4, 4705, 1),
(5372, 4, 4706, 2),
(5373, 4, 4707, 1),
(5374, 4, 4708, 1),
(5375, 4, 4709, 1),
(5376, 4, 4710, 1),
(5377, 4, 4712, 1),
(5378, 4, 4714, 1),
(5379, 4, 794, 1),
(5380, 4, 4715, 1),
(5381, 4, 4717, 1),
(5382, 4, 4718, 1),
(5383, 5, 414, 8),
(5384, 5, 2046, 2),
(5385, 5, 33, 3),
(5386, 5, 4719, 2),
(5387, 5, 4720, 2),
(5388, 5, 4721, 2),
(5389, 5, 4722, 2),
(5390, 5, 4723, 2),
(5391, 5, 87, 3),
(5392, 5, 4724, 3),
(5393, 5, 4725, 1),
(5394, 5, 26, 1),
(5395, 5, 4726, 1),
(5396, 5, 4727, 2),
(5397, 5, 4031, 1),
(5398, 5, 4728, 1),
(5399, 5, 697, 1),
(5400, 5, 3840, 1),
(5401, 5, 28, 3),
(5402, 5, 1301, 1),
(5403, 5, 4729, 1),
(5404, 5, 676, 2),
(5405, 5, 4730, 3),
(5406, 5, 4731, 2),
(5407, 5, 860, 1),
(5408, 5, 492, 2),
(5409, 5, 4732, 3),
(5410, 5, 4733, 1),
(5411, 5, 1192, 1),
(5412, 5, 4734, 1),
(5413, 5, 1087, 1),
(5414, 5, 4735, 1),
(5415, 5, 4736, 1),
(5416, 5, 4737, 1),
(5417, 5, 1421, 2),
(5418, 5, 480, 1),
(5419, 5, 129, 1),
(5420, 5, 631, 1),
(5421, 5, 4738, 1),
(5422, 5, 524, 2),
(5423, 5, 2188, 1),
(5424, 5, 1937, 1),
(5425, 5, 481, 1),
(5426, 5, 1276, 2),
(5427, 5, 4739, 1),
(5428, 5, 1954, 1),
(5429, 5, 4740, 1),
(5430, 5, 4741, 1),
(5431, 5, 25, 1),
(5432, 5, 4742, 3),
(5433, 5, 4743, 1),
(5434, 5, 2382, 1),
(5435, 5, 4744, 1),
(5436, 5, 4745, 1),
(5437, 5, 4746, 1),
(5438, 5, 659, 1),
(5439, 5, 4747, 1),
(5440, 5, 4748, 4),
(5441, 5, 4749, 1),
(5442, 5, 4750, 1),
(5443, 5, 4751, 2),
(5444, 5, 4752, 1),
(5445, 5, 4753, 1),
(5446, 5, 4754, 1),
(5447, 5, 4755, 1),
(5448, 5, 4756, 1),
(5449, 5, 4757, 1),
(5450, 5, 4758, 1),
(5451, 5, 4759, 1),
(5452, 5, 321, 1),
(5453, 5, 882, 1),
(5454, 5, 4760, 1),
(5455, 5, 4761, 1),
(5456, 5, 27, 1),
(5457, 6, 4762, 2),
(5458, 6, 4763, 1),
(5459, 6, 4764, 1);

-- --------------------------------------------------------

--
-- Structure de la table `mot`
--

DROP TABLE IF EXISTS `mot`;
CREATE TABLE IF NOT EXISTS `mot` (
  `id_mot` int(11) NOT NULL AUTO_INCREMENT,
  `mot` varchar(255) NOT NULL,
  PRIMARY KEY (`id_mot`)
) ENGINE=InnoDB AUTO_INCREMENT=4765 DEFAULT CHARSET=utf8;

--
-- Déchargement des données de la table `mot`
--

INSERT INTO `mot` (`id_mot`, `mot`) VALUES
(1, 'disparition'),
(2, 'flash'),
(3, 'internet'),
(4, 'archive'),
(5, 'entreprend'),
(6, 'pr&eacute;server'),
(7, 'jeux'),
(8, 'animations'),
(9, 'fondation'),
(10, 'd&eacute;velopp&eacute;'),
(11, 'technologie'),
(12, 'permettant'),
(13, 'd&rsquo;&eacute;muler'),
(14, 'logiciel'),
(15, 'dessin'),
(16, 'd&rsquo;animation'),
(17, 'lanc&eacute;'),
(18, 'en&nbsp;1996'),
(19, 'mort'),
(20, 'officiellement'),
(21, 'pr&eacute;vue'),
(22, '31&nbsp;d&eacute;cembre'),
(23, 'consulterle'),
(24, 'journal'),
(25, 'navigation'),
(26, 'monde'),
(27, 'retour'),
(28, '&agrave;'),
(29, 'connecterse'),
(30, 'connecter'),
(31, 's&rsquo;abonner'),
(32, '768;'),
(33, 'page'),
(34, 'd&rsquo;accueil'),
(35, 'continu'),
(36, 'actualit&eacute;s'),
(37, 'moment'),
(38, 'confinement'),
(39, 'coronavirus'),
(40, 'pand&eacute;mie'),
(41, 'covid-19'),
(42, 'affaires'),
(43, 'sarkozy'),
(44, 'conflit'),
(45, 'haut-karabakh'),
(46, 'elections'),
(47, 'am&eacute;ricaines'),
(48, '2020'),
(49, 'climat'),
(50, 'brexit'),
(51, 'l&rsquo;actualit&eacute;'),
(52, 'international'),
(53, 'politique'),
(54, 'soci&eacute;t&eacute;'),
(55, 'd&eacute;codeurs'),
(56, 'sport'),
(57, 'plan&egrave;te'),
(58, 'sciences'),
(59, 'campus'),
(60, 'afrique'),
(61, 'pixels'),
(62, 'm&eacute;dias'),
(63, 'sant&eacute;'),
(64, 'big'),
(65, 'browser'),
(66, 'disparitions'),
(67, 'podcasts'),
(68, '&eacute;conomie'),
(69, 'mondiale'),
(70, 'fran&ccedil;aise'),
(71, 'emploi'),
(72, 'argent'),
(73, '&amp;'),
(74, 'placements'),
(75, 'tribunes'),
(76, '&eacute;co'),
(77, 'cities'),
(78, 'club'),
(79, 'l&rsquo;&eacute;conomie'),
(80, 'points'),
(81, 'contest&eacute;s'),
(82, 'r&eacute;forme'),
(83, 'l&rsquo;assurance-ch&ocirc;mage'),
(84, 'annul&eacute;s'),
(85, 'conseil'),
(86, 'd&rsquo;etat'),
(87, 'article'),
(88, 'r&eacute;serv&eacute;'),
(89, 'abonn&eacute;s'),
(90, 'l&rsquo;avenir'),
(91, 'salari&eacute;s'),
(92, 'd&rsquo;ibm'),
(93, 'france'),
(94, 's&rsquo;assombrit'),
(95, 'chronique'),
(96, '&laquo;&nbsp;la'),
(97, 'tendance'),
(98, 'r&eacute;mun&eacute;ration'),
(99, 'patrons'),
(100, 'claire&nbsp;'),
(101, 'part'),
(102, 'fixe'),
(103, 'performances&nbsp;&raquo;'),
(104, 'jean-michel'),
(105, 'bezat'),
(106, 'tribune'),
(107, 'eloi'),
(108, 'laurent&nbsp;'),
(109, '&laquo;&nbsp;l&rsquo;analyse'),
(110, 'co&ucirc;ts-b&eacute;n&eacute;fices'),
(111, 'appliqu&eacute;e'),
(112, 'vie'),
(113, 'humaine'),
(114, 'produit'),
(115, 'd&eacute;g&acirc;ts'),
(116, 'consid&eacute;rables&nbsp;&raquo;'),
(117, 'laurent'),
(118, 'economiste'),
(119, 'vid&eacute;os'),
(120, 'explications'),
(121, 's&eacute;ries'),
(122, 'plan'),
(123, 'diego'),
(124, 'maradona'),
(125, 'signait'),
(126, 'en&nbsp;1986'),
(127, '&laquo;&nbsp;plus'),
(128, 'beau'),
(129, 'but'),
(130, 'xxe&nbsp;si&egrave;cle&nbsp;&raquo;'),
(131, 'fonctionne'),
(132, 'l&rsquo;igpn'),
(133, '&laquo;&nbsp;police'),
(134, 'polices&nbsp;&raquo;&nbsp;'),
(135, 'complotiste'),
(136, 'sommeille-t-il'),
(137, 'lieux'),
(138, 'risque'),
(139, 'attraper'),
(140, 'covid-19&nbsp;'),
(141, 'opinions'),
(142, 'editoriaux'),
(143, 'chroniques'),
(144, 'analyses'),
(145, 'id&eacute;es'),
(146, '&laquo;&nbsp;inquiets'),
(147, 'recherche&hellip;&nbsp;&raquo;&nbsp;'),
(148, '4&nbsp;600'),
(149, 'chercheurs'),
(150, '&laquo;&nbsp;le'),
(151, 'monde&nbsp;&raquo;'),
(152, 'collectif'),
(153, 'loi'),
(154, 'pluriannelle'),
(155, 'programmation'),
(156, 'recherche&nbsp;'),
(157, '&laquo;&nbsp;un'),
(158, 'rat&eacute;'),
(159, 'suppl&eacute;mentaire'),
(160, 'triste'),
(161, 'histoire'),
(162, 'lois'),
(163, 'relatives'),
(164, 'universit&eacute;s'),
(165, 'mai'),
(166, '68&nbsp;&raquo;'),
(167, '&eacute;ditorial'),
(168, 'l&rsquo;arr&ecirc;t'),
(169, 'production'),
(170, 'v&eacute;hicules'),
(171, 'neufs'),
(172, 'flins'),
(173, '&nbsp;un'),
(174, 'nouveau'),
(175, 'recul'),
(176, 'industriel'),
(177, 'renault'),
(178, 'd&eacute;confinement&nbsp;'),
(179, 'rassurer'),
(180, 'responsabiliser'),
(181, 'd&eacute;fis'),
(182, 'l&rsquo;etat'),
(183, 'protecteur'),
(184, 'culture'),
(185, 'cin&eacute;ma'),
(186, 't&eacute;l&eacute;vision'),
(187, 'livres'),
(188, 'musiques'),
(189, 'arts'),
(190, 'sc&egrave;nes'),
(191, 'eloge'),
(192, 'temps'),
(193, 'long'),
(194, 'festival'),
(195, 'entrevues'),
(196, 'belfort'),
(197, 'megan'),
(198, 'rapinoe&nbsp;'),
(199, '&laquo;&nbsp;je'),
(200, 'm&rsquo;agenouillais'),
(201, 'd&eacute;noncer'),
(202, 'supr&eacute;matie'),
(203, 'blanche'),
(204, 'violences'),
(205, 'polici&egrave;res&nbsp;&raquo;'),
(206, '&laquo;&nbsp;wara&nbsp;&raquo;'),
(207, 'tv5'),
(208, 'monde&nbsp;'),
(209, 'saga'),
(210, 'fond'),
(211, 'm&eacute;lodrame'),
(212, 'enqu&ecirc;te'),
(213, 'vogue'),
(214, 'l&rsquo;autofiction'),
(215, 'fleurir'),
(216, 'litiges'),
(217, 'auteurs'),
(218, 'proches'),
(219, 'mag'),
(220, 'l&rsquo;actu'),
(221, 'l&rsquo;&eacute;poque'),
(222, 'style'),
(223, 'gastronomie'),
(224, 'voyage'),
(225, 'mode'),
(226, 'recettes'),
(227, 't&eacute;l&eacute;travailler'),
(228, 'masque'),
(229, 'd&rsquo;aller'),
(230, 'plage&nbsp;'),
(231, '&icirc;les'),
(232, 'tentation'),
(233, 'ans'),
(234, 'choc'),
(235, '&laquo;&nbsp;scum'),
(236, 'manifesto&nbsp;&raquo;'),
(237, 'texte'),
(238, 'f&eacute;minin'),
(239, 'radical'),
(240, 's&rsquo;aimer'),
(241, 'quitte&nbsp;'),
(242, '&laquo;&nbsp;il'),
(243, 'fille'),
(244, 'crush'),
(245, 'toi&nbsp;'),
(246, '&nbsp;&raquo;'),
(247, 'lorraine'),
(248, 'foucher'),
(249, 'piment'),
(250, 'c&eacute;leri'),
(251, 'calamar&hellip;'),
(252, 'possibilit&eacute;s'),
(253, 'services'),
(254, 'acc&eacute;der'),
(255, 'compte'),
(256, 'abonn&eacute;'),
(257, 'consulter'),
(258, 'jour'),
(259, '&eacute;v&egrave;nements'),
(260, 'boutique'),
(261, 'newsletters'),
(262, 'm&eacute;morable'),
(263, 'cultiver'),
(264, 'm&eacute;moire'),
(265, 'guides'),
(266, 'd&rsquo;achat'),
(267, 'mots'),
(268, 'crois&eacute;s'),
(269, 'sudokus'),
(270, 'contacter'),
(271, 'gestion'),
(272, 'cookies'),
(273, 'mentions'),
(274, 'l&eacute;gales'),
(275, 'conditions'),
(276, 'g&eacute;n&eacute;rales'),
(277, 'charte'),
(278, 'groupe'),
(279, 'confidentialit&eacute;'),
(280, 'faq'),
(281, 'd&eacute;codex'),
(282, 'v&eacute;rifier'),
(283, 'l&rsquo;info'),
(284, 'donn&eacute;es'),
(285, 'commune'),
(286, 'partenaires'),
(287, 'codes'),
(288, 'promo'),
(289, 'formation'),
(290, 'professionnelle'),
(291, 'cours'),
(292, 'd&rsquo;anglais'),
(293, 'd&rsquo;orthographe'),
(294, 'grammaire'),
(295, 'conjugaison'),
(296, 'dictionnaire'),
(297, 'citations'),
(298, 'annonces'),
(299, 'immobili&egrave;res'),
(300, 'prix'),
(301, 'l&rsquo;immobilier'),
(302, 'jardinage'),
(303, 'd&rsquo;arcade'),
(304, 'paroles'),
(305, 'chansons'),
(306, 'suppl&eacute;ments'),
(307, 'transition'),
(308, '&eacute;cologique'),
(309, 'consommer'),
(310, 'local'),
(311, 'd&rsquo;entrepreneurs'),
(312, 'c&oelig;ur'),
(313, 'territoires'),
(314, 'recherche'),
(315, 'vid&eacute;o'),
(316, 'corentin'),
(317, 'lamy'),
(318, 'publi&eacute;'),
(319, 'novembre'),
(320, '16h18'),
(321, 'mis'),
(322, '17h20'),
(323, 'lecture'),
(324, 'min'),
(325, 'partage'),
(326, 'd&eacute;sactiv&eacute;'),
(327, 'envoyer'),
(328, 'e-mail'),
(329, 'prendre'),
(330, 'capture'),
(331, '&laquo;'),
(332, 'yetisports&nbsp;&raquo;'),
(333, 'n&rsquo;avons'),
(334, 'r&eacute;alis&eacute;'),
(335, 'qu&rsquo;un'),
(336, 'score'),
(337, '191'),
(338, 'm&egrave;tres'),
(339, 'pardonnera'),
(340, 'n&rsquo;avions'),
(341, 'jou&eacute;'),
(342, 'fac'),
(343, 's&rsquo;agissait'),
(344, 'premiers'),
(345, 'gratuits'),
(346, 'cas'),
(347, 'diffus&eacute;s'),
(348, 'largement'),
(349, 'jouables'),
(350, 'facilement'),
(351, 'seule'),
(352, 'condition'),
(353, 'd&rsquo;avoir'),
(354, 'connexion'),
(355, 'noms'),
(356, 'qu&rsquo;on'),
(357, 'trouvait'),
(358, '&eacute;tals'),
(359, 'supermarch&eacute;s'),
(360, 'boutiques'),
(361, 'sp&eacute;cialis&eacute;es'),
(362, 's&rsquo;&eacute;changeaient'),
(363, 'd&eacute;tour'),
(364, 'd&rsquo;un'),
(365, 'forum'),
(366, 'message'),
(367, 'msn'),
(368, 'aujourd&rsquo;hui'),
(369, 's&rsquo;appr&ecirc;tent'),
(370, 'tirer'),
(371, 'r&eacute;v&eacute;rence'),
(372, 'adobe'),
(373, 'l&rsquo;entreprise'),
(374, 'annonc&eacute;'),
(375, '2017'),
(376, 'qu&rsquo;elle'),
(377, 'abandonnerait'),
(378, 'd&eacute;veloppement'),
(379, '31&nbsp;d&eacute;cembre&nbsp;2020'),
(380, 'dizaines'),
(381, 'voire'),
(382, 'centaines'),
(383, 'milliers'),
(384, 'dispara&icirc;tre'),
(385, 'lire'),
(386, 'lancement'),
(387, 'facebook'),
(388, '&laquo;&nbsp;farmville&nbsp;&raquo;'),
(389, 'tire'),
(390, '1&nbsp;000'),
(391, 'contenus'),
(392, 'pr&eacute;serv&eacute;s'),
(393, '&laquo;&nbsp;pour'),
(394, 'l&rsquo;instant&nbsp;&raquo;'),
(395, 'espoir'),
(396, 'amateurs'),
(397, 'petits'),
(398, 'rapides'),
(399, 'simples'),
(400, 'd&rsquo;acc&egrave;s'),
(401, 't&eacute;l&eacute;chargement&nbsp;'),
(402, 'jeudi'),
(403, '19&nbsp;novembre'),
(404, 'jason'),
(405, 'scott'),
(406, 'conservateur'),
(407, 'd&rsquo;internet'),
(408, 'ambition'),
(409, 'typiques'),
(410, '&eacute;poque'),
(411, 'd&rsquo;ores'),
(412, 'd&eacute;j&agrave;'),
(413, 'disponibles'),
(414, 'site'),
(415, 'n&eacute;cessitent'),
(416, 't&eacute;l&eacute;chargement'),
(417, 'fonctionner&nbsp;'),
(418, 'utilise'),
(419, 'maison'),
(420, 'ruffle'),
(421, '&eacute;mule'),
(422, 'player'),
(423, 'simule'),
(424, 'fonctionnement'),
(425, '&laquo;&nbsp;m&ecirc;me'),
(426, 'compatibilit&eacute;'),
(427, 'inf&eacute;rieure'),
(428, '100&nbsp;'),
(429, 'suffisante'),
(430, 'faire'),
(431, 'fonctionner'),
(432, 'grande'),
(433, 'majorit&eacute;'),
(434, 'navigateur'),
(435, 'vitesse'),
(436, 'd&rsquo;affichage'),
(437, 'fluide'),
(438, 'conforme'),
(439, 'originaux&nbsp;&raquo;'),
(440, 'explique'),
(441, 'pr&eacute;serv&eacute;es'),
(442, 'laisse'),
(443, 'entendre'),
(444, 'l&rsquo;organisation'),
(445, 'vocation'),
(446, 'proposer'),
(447, 'davantage'),
(448, 'ligne'),
(449, 'trouver'),
(450, 'titres'),
(451, 'arcade'),
(452, 'yetisports'),
(453, 'ambitieux'),
(454, 'alien'),
(455, 'hominid'),
(456, 'devenues'),
(457, 'cultes'),
(458, 'l&rsquo;image'),
(459, 'caramelldansen'),
(460, 's&ucirc;r'),
(461, 'loituma'),
(462, 'girl'),
(463, 'clip'),
(464, 'animation'),
(465, 'devenue'),
(466, 'partie'),
(467, 'int&eacute;grante'),
(468, 'coup'),
(469, 'fatal'),
(470, 'en&nbsp;2010'),
(471, 'n&eacute;'),
(472, 'en&nbsp;1993'),
(473, 'nom'),
(474, 'smartsketch'),
(475, 'd&eacute;finitif'),
(476, 'd&rsquo;afficher'),
(477, 'dessins'),
(478, 'vectoriels'),
(479, 'bonne'),
(480, 'qualit&eacute;'),
(481, 'autant'),
(482, 'n&eacute;cessiter'),
(483, 'd&eacute;bit'),
(484, 'dessinateurs'),
(485, 'animateurs'),
(486, 'd&eacute;veloppeurs'),
(487, 'professionnels'),
(488, 's&rsquo;en'),
(489, 'servis'),
(490, 'ann&eacute;es'),
(491, 'directement'),
(492, 'web'),
(493, 'netscape'),
(494, 'navigator'),
(495, 'chrome'),
(496, 'connu'),
(497, 'pic'),
(498, 'popularit&eacute;'),
(499, 'moiti&eacute;'),
(500, '2000'),
(501, 'fleurissaient'),
(502, 'quotidiennement'),
(503, 'plates-formes'),
(504, 'd&eacute;di&eacute;es&nbsp;'),
(505, 'newgrounds'),
(506, 'armor'),
(507, 'games'),
(508, 'kongregate'),
(509, 'd&eacute;cision'),
(510, 'd&rsquo;apple'),
(511, 'permettre'),
(512, 'appareils'),
(513, 'iphone'),
(514, 'ipad'),
(515, 'ipod'),
(516, 'd&rsquo;utiliser'),
(517, 'porte'),
(518, 'vieillissante'),
(519, 'faudra'),
(520, 'attendre'),
(521, 'qu&rsquo;adobe'),
(522, 'annonce'),
(523, 'fin'),
(524, 'support'),
(525, '&ndash;'),
(526, 'pr&eacute;f&egrave;rent'),
(527, 'souvent'),
(528, 'html5'),
(529, 'l&rsquo;horizon'),
(530, 'contribuer'),
(531, 'rubrique'),
(532, 'ps5'),
(533, 'xbox'),
(534, 'series'),
(535, 'x&nbsp;'),
(536, 'faut-il'),
(537, 'acheter'),
(538, 'consoles'),
(539, '&laquo;&nbsp;next'),
(540, 'gen&nbsp;&raquo;&nbsp;'),
(541, 'r&eacute;ponses'),
(542, 'questions'),
(543, 'xbox&nbsp;'),
(544, 'manettes'),
(545, 'ressemblent'),
(546, 'presque'),
(547, '&ccedil;a&nbsp;'),
(548, '127918;'),
(549, 'n&rsquo;avais'),
(550, 'id&eacute;e'),
(551, 'c&rsquo;&eacute;tait'),
(552, '&ccedil;a&hellip;&nbsp;&raquo;&nbsp;'),
(553, 'd&rsquo;ubisoft'),
(554, 'racontent'),
(555, 'ann&eacute;e'),
(556, 'scandales'),
(557, 'd&rsquo;accusations'),
(558, 'remises'),
(559, 'cause'),
(560, '&laquo;&nbsp;commission'),
(561, 'apple&nbsp;&raquo;'),
(562, 'impos&eacute;e'),
(563, 'pr&eacute;sents'),
(564, 'l&rsquo;appstore'),
(565, 'divis&eacute;e'),
(566, 'test&eacute;&hellip;'),
(567, 'playstation&nbsp;5'),
(568, 'la&nbsp;nouvelle'),
(569, 'console'),
(570, 'en&nbsp;met'),
(571, 'yeux'),
(572, 'interdit'),
(573, 'inde'),
(574, 'jeu'),
(575, 'succ&egrave;s'),
(576, '&laquo;&nbsp;pubg'),
(577, 'mobile&nbsp;&raquo;'),
(578, 'tente'),
(579, 'grand'),
(580, 'rompant'),
(581, 'chine'),
(582, 'origines'),
(583, 'pop'),
(584, 'virtuel'),
(585, 'issu'),
(586, '&laquo;&nbsp;league'),
(587, 'legends&nbsp;&raquo;'),
(588, 'd&eacute;bord&eacute;s'),
(589, 'confinement&nbsp;'),
(590, 'e-sport&nbsp;'),
(591, 'fran&ccedil;ais'),
(592, 'de&nbsp;18&nbsp;ans'),
(593, 'remporte'),
(594, 'un&nbsp;tournoi'),
(595, 'majeur'),
(596, 'de&nbsp;&laquo;&nbsp;starcraft'),
(597, 'ii&nbsp;&raquo;'),
(598, 'vid&eacute;o&nbsp;'),
(599, 'nouvel'),
(600, 'opus'),
(601, 'bataille'),
(602, 'mobiles'),
(603, 'affronter'),
(604, 'reconfinement'),
(605, '&laquo;&nbsp;virtual'),
(606, 'regatta&nbsp;&raquo;'),
(607, 'simulateur'),
(608, 'vend&eacute;e'),
(609, 'globe'),
(610, 'distance'),
(611, 'face'),
(612, '&eacute;crit'),
(613, 'l&eacute;gende'),
(614, '&laquo;&nbsp;watch'),
(615, 'dogs&nbsp;'),
(616, 'legion&nbsp;&raquo;'),
(617, 'dystopique'),
(618, 'arrive'),
(619, 'pardonner'),
(620, 'd&eacute;fauts'),
(621, 'disponibilit&eacute;'),
(622, 'playstation'),
(623, 'sortie'),
(624, 'meilleurs'),
(625, 'routeurs'),
(626, 'wifi'),
(627, 'comparatif'),
(628, '&laquo;&nbsp;wirecutter&nbsp;&raquo;'),
(629, 'routeur'),
(630, 'permet'),
(631, 'cr&eacute;er'),
(632, 'r&eacute;seau'),
(633, 'puissant'),
(634, 'offrira'),
(635, 'meilleur'),
(636, 'port&eacute;e'),
(637, 'longue'),
(638, 'box'),
(639, 'fournisseur'),
(640, 'avons'),
(641, 'compar&eacute;'),
(642, 'tp-link'),
(643, 'linksys'),
(644, 'netgear'),
(645, 'synology'),
(646, 'asus'),
(647, 'd-link'),
(648, 'meilleures'),
(649, 'performances'),
(650, 'raisonnable'),
(651, 'smartphones'),
(652, 'populaires'),
(653, 'comparatifs'),
(654, 'consacr&eacute;s'),
(655, 'ordinateurs'),
(656, 'accessoires'),
(657, 'coques'),
(658, 'protection'),
(659, 'offrir'),
(660, 'smartphone'),
(661, '&eacute;cran'),
(662, '&eacute;tui'),
(663, 'l&eacute;ger'),
(664, 'pratique'),
(665, 'antichoc'),
(666, 'esth&eacute;tique&nbsp;'),
(667, 'test&eacute;'),
(668, 'soixantaine'),
(669, 'destin&eacute;es'),
(670, 'nouvelle'),
(671, 'g&eacute;n&eacute;ration'),
(672, 'choix'),
(673, '&eacute;dition'),
(674, 'dat&eacute;'),
(675, 'vendredi'),
(676, 'num&eacute;rique'),
(677, 'amplis'),
(678, 'home'),
(679, 'promos'),
(680, 'global'),
(681, 'savings'),
(682, 'group'),
(683, 'sfr'),
(684, '-20'),
(685, 'forfaits'),
(686, 'fibre'),
(687, 'mobile'),
(688, 'pierre'),
(689, 'vacances'),
(690, '-30'),
(691, 'promotion'),
(692, 'fnac'),
(693, 'envoi'),
(694, 'offert'),
(695, '25&euro;'),
(696, 'made'),
(697, 'com'),
(698, '-15&euro;'),
(699, 'gr&acirc;ce'),
(700, 'newsletter'),
(701, 'redoute'),
(702, 'adh&eacute;rents'),
(703, 'premium'),
(704, 'europcar'),
(705, 'yves'),
(706, 'rocher'),
(707, 'livraison'),
(708, 'offerte'),
(709, '15&euro;'),
(710, 'appareil'),
(711, 'pouvez'),
(712, 'seul'),
(713, 'continuer'),
(714, 's&rsquo;affichera'),
(715, 'l&rsquo;autre'),
(716, 'd&eacute;couvrir'),
(717, 'offres'),
(718, 'multicomptes'),
(719, 'voyez-vous'),
(720, 'qu&rsquo;une'),
(721, 'train'),
(722, 'ordinateur'),
(723, 't&eacute;l&eacute;phone'),
(724, 'tablette'),
(725, 'voir'),
(726, 'cliquant'),
(727, '&laquo;&nbsp;continuer'),
(728, 'ici&nbsp;&raquo;'),
(729, 'assurant'),
(730, '&ecirc;tes'),
(731, 'passera-t-il'),
(732, 'continuez'),
(733, 'dernier'),
(734, 'restera'),
(735, 'connect&eacute;'),
(736, 'a-t-il'),
(737, 'd&rsquo;autres'),
(738, 'limites'),
(739, 'd&rsquo;appareils'),
(740, 'souhaitez'),
(741, 'utilisant'),
(742, 'moments'),
(743, 'ignorez'),
(744, 'conseillons'),
(745, 'modifier'),
(746, 'passe'),
(747, 'rubriques'),
(748, 'direct'),
(749, 'r&eacute;sultats'),
(750, '&eacute;lections'),
(751, 'municipales'),
(752, '&eacute;ducation'),
(753, 'archives'),
(754, 'musique'),
(755, 'cultivez'),
(756, 'disque'),
(757, 'dur'),
(758, 'externe'),
(759, 'portable'),
(760, 'marketing'),
(761, 'communication'),
(762, 'nouvelles'),
(763, 'sites'),
(764, 'courrier'),
(765, 'lecteurs'),
(766, 'huffpost'),
(767, 'l&rsquo;obs'),
(768, 'diplomatique'),
(769, 't&eacute;l&eacute;rama'),
(770, 'talents'),
(771, 'source'),
(772, 's&ucirc;re'),
(773, 'publicit&eacute;'),
(774, 'recevoir'),
(775, 'applications'),
(776, 'android'),
(777, 'abonnement'),
(778, '&eacute;venements'),
(779, 'aide'),
(780, 'suivez'),
(781, 'youtube'),
(782, 'twitter'),
(783, 'instagram'),
(784, 'snapchat'),
(785, 'fils'),
(786, 'rss'),
(787, 'var'),
(788, 'ads_config'),
(789, 'adunit'),
(790, '128139881'),
(791, 'lm_lemonde'),
(792, 'targets'),
(793, 'article_has_video'),
(794, 'false'),
(795, 'article_id'),
(796, '6060552'),
(797, 'article_is_longform'),
(798, 'article_type'),
(799, 'keywords'),
(800, 'rub'),
(801, 'rubrique_id'),
(802, '4408996'),
(803, 'jeux-video'),
(804, 'g&eacute;rald'),
(805, 'darmanin'),
(806, 'd&eacute;fend'),
(807, 'redit'),
(808, 'soutien'),
(809, 'faille'),
(810, 'policiers'),
(811, '&raquo;'),
(812, 'invit&eacute;'),
(813, 'soir'),
(814, '&laquo;&nbsp;20&nbsp;heures&nbsp;&raquo;'),
(815, 'ministre'),
(816, 'l&rsquo;int&eacute;rieur'),
(817, 'd&eacute;clar&eacute;'),
(818, 'qu&rsquo;il'),
(819, 'demanderait'),
(820, 'r&eacute;vocation&nbsp;&raquo;'),
(821, 'passage'),
(822, 'tabac'),
(823, 'homme'),
(824, 'noir'),
(825, 'paris'),
(826, '&laquo;&nbsp;si'),
(827, 'justice'),
(828, 'conclut'),
(829, 'faute&nbsp;&raquo;'),
(830, 's&eacute;curit&eacute;'),
(831, 'producteur'),
(832, 'tabass&eacute;'),
(833, '&laquo;&nbsp;s&eacute;curit&eacute;'),
(834, 'globale&nbsp;&raquo;&hellip;'),
(835, '&laquo;&nbsp;soutien'),
(836, 'policiers&nbsp;&raquo;'),
(837, 'hier'),
(838, '21h02'),
(839, '21h20'),
(840, 'images'),
(841, 'inqualifiables'),
(842, 'choquantes'),
(843, 'j&rsquo;ai'),
(844, 'demand&eacute;'),
(845, 'suspension'),
(846, 'thomas'),
(847, 'coex'),
(848, 'afp'),
(849, 'tendu'),
(850, 's&rsquo;est'),
(851, 'exprim&eacute;'),
(852, 'lors'),
(853, '26&nbsp;novembre'),
(854, 'interrog&eacute;'),
(855, 'anne-sophie'),
(856, 'lapix'),
(857, 'revenu'),
(858, 'document&eacute;'),
(859, 'r&eacute;v&eacute;l&eacute;e'),
(860, 'm&eacute;dia'),
(861, 'loopsider'),
(862, 'diffus&eacute;e'),
(863, 'r&eacute;seaux'),
(864, 'sociaux'),
(865, '&laquo;&nbsp;ces'),
(866, 'ajoutant&nbsp;'),
(867, 'faute'),
(868, 'demanderai'),
(869, 'r&eacute;vocation'),
(870, 'sali'),
(871, 'r&eacute;publique'),
(872, 'd&eacute;connent'),
(873, 'quitter'),
(874, 'l&rsquo;uniforme'),
(875, 'suspendus'),
(876, 'ouverte'),
(877, 'revenant'),
(878, 'l&rsquo;&eacute;vacuation'),
(879, 'violente'),
(880, 'camp'),
(881, 'migrants'),
(882, 'place'),
(883, 'lundi'),
(884, '23&nbsp;novembre'),
(885, 'expliqu&eacute;'),
(886, '&laquo;&nbsp;d&rsquo;une'),
(887, 'manifestation'),
(888, 'ill&eacute;gale&nbsp;;'),
(889, '&eacute;vacue'),
(890, 'place&nbsp;&raquo;'),
(891, 'possible'),
(892, '&eacute;viction'),
(893, 'pr&eacute;fet'),
(894, 'police'),
(895, 'r&eacute;pondu&nbsp;'),
(896, 'cherche'),
(897, 'fusibles'),
(898, 'lallement'),
(899, 'effectue'),
(900, 'mission'),
(901, 'difficile'),
(902, 'responsable'),
(903, 'propos'),
(904, 'diffus&eacute;es'),
(905, 'intervention'),
(906, 'polici&egrave;re'),
(907, 'gerald'),
(908, 'publication'),
(909, 'rapport'),
(910, 'minist&egrave;re'),
(911, 'lit'),
(912, 'notamment'),
(913, 'commissaire'),
(914, 'divisionnaire'),
(915, 'croche-pied'),
(916, 'migrant'),
(917, 'soir-l&agrave;'),
(918, 'commis'),
(919, '&laquo;&nbsp;manquement'),
(920, 'usage'),
(921, 'disproportionn&eacute;'),
(922, 'force&nbsp;&raquo;'),
(923, '&laquo;&nbsp;ce'),
(924, 'croche-patte'),
(925, 'totalement'),
(926, 'injustifi&eacute;'),
(927, 'prendrai'),
(928, 'sanctions'),
(929, 'demande'),
(930, 'r&eacute;union'),
(931, 'discipline&nbsp;&raquo;'),
(932, '&laquo;&nbsp;cette'),
(933, '&eacute;vacuation'),
(934, 'l&eacute;gitime&nbsp;&raquo;&nbsp;'),
(935, 'didier'),
(936, 'confiance'),
(937, 'enfin'),
(938, 'l&rsquo;article&nbsp;24'),
(939, 'proposition'),
(940, 'controvers&eacute;e'),
(941, 'globale&nbsp;&raquo;'),
(942, 'dit'),
(943, '&laquo;&nbsp;tr&egrave;s'),
(944, 'attach&eacute;'),
(945, 'droit'),
(946, 'libert&eacute;'),
(947, 'presse&nbsp;&raquo;'),
(948, 'balay&eacute;'),
(949, 'retrait'),
(950, 'l&rsquo;article'),
(951, 'litigieux'),
(952, 'vot&eacute;'),
(953, 'l&rsquo;assembl&eacute;e'),
(954, 'nationale'),
(955, 'pr&eacute;voit'),
(956, 'p&eacute;naliser'),
(957, 'diffusion'),
(958, '&laquo;&nbsp;malveillante&nbsp;&raquo;'),
(959, 'gendarmes&nbsp;'),
(960, '&laquo;&nbsp;cet'),
(961, 'article&nbsp;24'),
(962, 'toucher'),
(963, 'presse'),
(964, 'forces'),
(965, 'l&rsquo;ordre&nbsp;&raquo;'),
(966, 'affirm&eacute;'),
(967, 'jean'),
(968, 'castex'),
(969, 'allait'),
(970, 'instaurer'),
(971, '&laquo;&nbsp;une'),
(972, 'commission'),
(973, 'ind&eacute;pendante'),
(974, 'charg&eacute;e'),
(975, '&eacute;criture'),
(976, 'l&rsquo;article&nbsp;24&nbsp;&raquo;'),
(977, 'c&ocirc;t&eacute;'),
(978, 'indiqu&eacute;'),
(979, 'matignon'),
(980, 'terme'),
(981, 'd&rsquo;une'),
(982, 'd&eacute;l&eacute;gation'),
(983, 'syndicats'),
(984, 'd&rsquo;&eacute;diteurs'),
(985, 'repr&eacute;sentants'),
(986, 'collectifs'),
(987, 'journalistes'),
(988, 'globale&nbsp;&raquo;&nbsp;'),
(989, 'feu'),
(990, 'vert'),
(991, 'd&eacute;put&eacute;s'),
(992, 'controvers&eacute;'),
(993, 'journ&eacute;e'),
(994, 'haute'),
(995, 'tension'),
(996, 'camp&eacute;s'),
(997, 'vote'),
(998, 'un&nbsp;encadrement'),
(999, 'renforc&eacute;'),
(1000, 'de&nbsp;la&nbsp;s&eacute;curit&eacute;'),
(1001, 'priv&eacute;e'),
(1002, 'globale'),
(1003, 'suscite'),
(1004, 'inqui&eacute;tude'),
(1005, 'profonde'),
(1006, 'l&eacute;gitime'),
(1007, 'journalistes&nbsp;&raquo;'),
(1008, '&laquo;&nbsp;s&eacute;paratisme&nbsp;&raquo;'),
(1009, 'd&rsquo;urgence&hellip;'),
(1010, 'tour'),
(1011, 'vis'),
(1012, 's&eacute;curitaire'),
(1013, 'gouvernement'),
(1014, 'inqui&egrave;te'),
(1015, 'd&eacute;cri&eacute;e'),
(1016, 's&egrave;me'),
(1017, 'discorde'),
(1018, 'rue'),
(1019, '&laquo;&nbsp;on'),
(1020, 'n&rsquo;est'),
(1021, 'caracas'),
(1022, 'toulouse&nbsp;&raquo;&nbsp;'),
(1023, 'sanglante'),
(1024, 'guerre'),
(1025, 'drogue'),
(1026, '&laquo;&nbsp;izards'),
(1027, 'industrie&nbsp;&raquo;'),
(1028, 'veut'),
(1029, 'limiter'),
(1030, 'd&rsquo;images'),
(1031, 'l&rsquo;ordre'),
(1032, 'l&rsquo;usage'),
(1033, 'ensauvagement&nbsp;traduit'),
(1034, 'angoisses'),
(1035, 's&rsquo;interroge'),
(1036, 'solidit&eacute;'),
(1037, 'avenir&nbsp;&raquo;'),
(1038, 'fr&eacute;jus'),
(1039, 'marine'),
(1040, 'pen'),
(1041, 'fustige'),
(1042, '&laquo;&nbsp;naufrage'),
(1043, 's&eacute;curitaire&nbsp;&raquo;'),
(1044, 'macron'),
(1045, 's&rsquo;engage'),
(1046, 'passer'),
(1047, 'constitutionnel'),
(1048, 'vrai'),
(1049, 'faux'),
(1050, 'l&rsquo;inv&eacute;rifiable'),
(1051, 'd&eacute;bat'),
(1052, 'l&rsquo;ins&eacute;curit&eacute;'),
(1053, 'anne'),
(1054, 'hidalgo'),
(1055, 'souhaite'),
(1056, '&laquo;&nbsp;c&eacute;l&eacute;bration'),
(1057, 'encadr&eacute;e&nbsp;&raquo;'),
(1058, 'parc'),
(1059, 'princes'),
(1060, 'victoire'),
(1061, 'psg'),
(1062, 'coronavirus&nbsp;'),
(1063, 'casse-t&ecirc;te'),
(1064, 'juridique'),
(1065, 'couvre-feu'),
(1066, 'lrm'),
(1067, 'invoque'),
(1068, 'maurras'),
(1069, 'parler'),
(1070, 'r&eacute;galien'),
(1071, 'fran&ccedil;aises'),
(1072, '&eacute;couteurs'),
(1073, 'bluetooth'),
(1074, 'courir'),
(1075, 'management'),
(1076, 'le&ccedil;ons'),
(1077, 'travaux'),
(1078, 'construction'),
(1079, 'l&rsquo;homme'),
(1080, 'actualit&eacute;'),
(1081, 'rap'),
(1082, 'societe'),
(1083, '6061267'),
(1084, '3224'),
(1085, 'securite'),
(1086, 'police-justice'),
(1087, 'manga'),
(1088, 'gameuse'),
(1089, 'chat'),
(1090, '&eacute;ditions'),
(1091, 'doki-doki'),
(1092, 'survivre'),
(1093, '39;arriv&eacute;e'),
(1094, '39;un'),
(1095, 'vit'),
(1096, 'annoncent'),
(1097, 'catalogue'),
(1098, 'gameu'),
(1099, 'doki'),
(1100, 'inscription'),
(1101, 'devez'),
(1102, 'pouvoir'),
(1103, 'fiche'),
(1104, 'notifications'),
(1105, 'petites'),
(1106, 'mangath&egrave;quevous'),
(1107, 'g&eacute;rer'),
(1108, 'collection'),
(1109, 'mangas'),
(1110, 'animeth&egrave;quevous'),
(1111, 'animes'),
(1112, 'vus'),
(1113, 'dramath&egrave;quevous'),
(1114, 'dramas'),
(1115, 'nautiljon'),
(1116, 'nauti'),
(1117, 'liste'),
(1118, 'bloc-notes'),
(1119, 'achat'),
(1120, 'actus'),
(1121, 'articles'),
(1122, 'br&egrave;ves'),
(1123, 'infos'),
(1124, 'agenda'),
(1125, 'concerts'),
(1126, 'sorties'),
(1127, 'salle'),
(1128, 'calendrier'),
(1129, 'planning'),
(1130, 'streaming'),
(1131, 'saisonnier'),
(1132, 'personnages'),
(1133, 'anime'),
(1134, 'g&eacute;n&eacute;riques'),
(1135, 'amv'),
(1136, 'doujinshis'),
(1137, 'clips'),
(1138, 'lives'),
(1139, 'bonus'),
(1140, 'ost'),
(1141, 'doujins'),
(1142, 'tablatures'),
(1143, 'partitions'),
(1144, 'films'),
(1145, 'asiatiques'),
(1146, '&eacute;missions'),
(1147, 'dvd'),
(1148, 'goodies'),
(1149, 'artbooks'),
(1150, 'photobooks'),
(1151, 'light'),
(1152, 'novels'),
(1153, 'romans'),
(1154, 'jeunesse'),
(1155, 'magazines'),
(1156, 'beaux'),
(1157, 'pratiques'),
(1158, 'traditions'),
(1159, 'univers'),
(1160, 'conventions'),
(1161, 'galerie'),
(1162, 'wallpapers'),
(1163, 'personnalit&eacute;s'),
(1164, 'restaurants'),
(1165, 'divertissement'),
(1166, 'quiz'),
(1167, 'sondages'),
(1168, 'concours'),
(1169, 'listes'),
(1170, 'membres'),
(1171, 'critiques'),
(1172, 'comactualit&eacute;smangasle'),
(1173, '776'),
(1174, 'yuudachipoi'),
(1175, 'sign'),
(1176, 'affection'),
(1177, 'akata'),
(1178, 'arriv&eacute;e'),
(1179, 'neko'),
(1180, 'gurashi'),
(1181, 'gamer-san'),
(1182, 'wataru'),
(1183, 'nadatani'),
(1184, 'synopsis'),
(1185, 'publicit&eacute;les'),
(1186, 'cin&eacute;chaos'),
(1187, 'walking'),
(1188, 'tom'),
(1189, 'holland'),
(1190, 'daisy'),
(1191, 'ridley'),
(1192, 'bande'),
(1193, 'vfclifford'),
(1194, 'premi&egrave;res'),
(1195, '2021'),
(1196, '20chaos'),
(1197, 'vf19'),
(1198, '20vid&eacute;o'),
(1199, 'courschaos'),
(1200, 'vost19'),
(1201, '20le'),
(1202, 'gang'),
(1203, 'kelly'),
(1204, 'vost06'),
(1205, 'vf06'),
(1206, '20rouge'),
(1207, 'farid'),
(1208, 'bentoumi'),
(1209, 'cin&eacute;ma30'),
(1210, 'newsfeed'),
(1211, 'kozakura'),
(1212, 'c&eacute;libataire'),
(1213, 'fi&egrave;re'),
(1214, 'consacrer'),
(1215, 'moindre'),
(1216, 'minute'),
(1217, 'libre'),
(1218, 'joueur'),
(1219, 'apparition'),
(1220, 'petit'),
(1221, 'r&eacute;el'),
(1222, 'occuper'),
(1223, 'parties'),
(1224, 'cohabiter'),
(1225, 'f&eacute;lin'),
(1226, 'joueurs'),
(1227, 'd&eacute;pens'),
(1228, 'ronronner'),
(1229, 'plaisir'),
(1230, 'sh&ocirc;nen'),
(1231, 'd&eacute;lirant'),
(1232, 'met'),
(1233, 'matous'),
(1234, 'honneur'),
(1235, 'tranche'),
(1236, 'joyeusement'),
(1237, 'geek'),
(1238, 'reconna&icirc;trez'),
(1239, 'probablement'),
(1240, 'peut-&ecirc;tre'),
(1241, 'vous-m&ecirc;me'),
(1242, 'tome'),
(1243, 'janvier'),
(1244, '&euro;'),
(1245, 'ajouter'),
(1246, 'bloc'),
(1247, 'note'),
(1248, 'amazon'),
(1249, 'vol'),
(1250, 'gamer'),
(1251, 'living'),
(1252, 'with'),
(1253, 'cat'),
(1254, 'd&eacute;but&eacute;'),
(1255, '2018'),
(1256, 'japon'),
(1257, 'shogakukan'),
(1258, 'actuellement'),
(1259, 'volumes'),
(1260, 'tags'),
(1261, 'licence'),
(1262, 'fiches'),
(1263, 'li&eacute;esmangala'),
(1264, 'chatediteur'),
(1265, 'mangadoki-doki'),
(1266, 'commentaires'),
(1267, '1par'),
(1268, 'creepy'),
(1269, 'nippon'),
(1270, '777'),
(1271, 'sens'),
(1272, 'celui-la'),
(1273, 'air'),
(1274, 'marrant'),
(1275, 'rappelle'),
(1276, 'garder'),
(1277, 'regardais'),
(1278, 'ghibli'),
(1279, 'tranquillement'),
(1280, 'ordi'),
(1281, 'film'),
(1282, 'tenait'),
(1283, 'compagnie'),
(1284, 'mieux'),
(1285, 'marcher'),
(1286, 'clavier'),
(1287, '&eacute;teint'),
(1288, 'rager'),
(1289, 'membre'),
(1290, 'commentaire'),
(1291, 'inscrivez-vous'),
(1292, 'derni&egrave;res'),
(1293, 'doki-dokicomment'),
(1294, 'akataparce'),
(1295, 'biopic'),
(1296, 'takeshi'),
(1297, 'kitano'),
(1298, 'pr&eacute;paration'),
(1299, 'netflix'),
(1300, 'plateforme'),
(1301, 'produire'),
(1302, 'fiction'),
(1303, 'racontant'),
(1304, 'c&eacute;l&egrave;bre'),
(1305, 'r&eacute;alisateur'),
(1306, 'humoriste'),
(1307, 'japonais'),
(1308, 'siren'),
(1309, 'rebirth'),
(1310, 'mana'),
(1311, 'booksun'),
(1312, 'seinen'),
(1313, 'horreur'),
(1314, 'ambiance'),
(1315, 'poisseuse'),
(1316, 'angoissante'),
(1317, 'mise'),
(1318, 'point'),
(1319, 'mesures'),
(1320, 'prises'),
(1321, '&eacute;diteurs'),
(1322, 'lecteur'),
(1323, 'sait'),
(1324, 'doute'),
(1325, 'nuisible'),
(1326, 'march&eacute;'),
(1327, 'livre'),
(1328, 'r&eacute;centes'),
(1329, 'max'),
(1330, 'prochain'),
(1331, 'aya'),
(1332, 'sorci&egrave;re'),
(1333, 'prochaine'),
(1334, 'goro'),
(1335, 'miyazaki'),
(1336, 'studio'),
(1337, 'd&eacute;voile'),
(1338, 'jolie'),
(1339, 'unsung'),
(1340, 'cinderella'),
(1341, 'meianil'),
(1342, 'm&eacute;decins'),
(1343, 'aider'),
(1344, 'malades'),
(1345, 'nombre'),
(1346, 'record'),
(1347, 'archipel'),
(1348, 'alerte'),
(1349, 'maximale'),
(1350, '&raquo;plus'),
(1351, '000'),
(1352, 'enregistr&eacute;s'),
(1353, 'mercredi'),
(1354, 'pays'),
(1355, '500'),
(1356, 'capitale20'),
(1357, 'top'),
(1358, 'oricon'),
(1359, 'semaine'),
(1360, '2020classement'),
(1361, 'vendus'),
(1362, 'neo'),
(1363, 'the'),
(1364, 'world'),
(1365, 'ends'),
(1366, 'you'),
(1367, 'ps4'),
(1368, 'switchla'),
(1369, 's&eacute;rie'),
(1370, 'refait'),
(1371, 'tonitruante'),
(1372, '&eacute;pisode'),
(1373, 'square'),
(1374, 'enix'),
(1375, 'd&eacute;barquer'),
(1376, 'nintendo'),
(1377, 'switch'),
(1378, 'comporte'),
(1379, 'erreur'),
(1380, 'cliquez'),
(1381, 'corriger'),
(1382, 'topsamv'),
(1383, '&bull;'),
(1384, 'blu-ray'),
(1385, 'emissions'),
(1386, 'num&eacute;ros'),
(1387, '&eacute;quipe'),
(1388, 'bo&icirc;te'),
(1389, 'rejoignez'),
(1390, 'communaut&eacute;'),
(1391, 'outils'),
(1392, 'collections'),
(1393, 'poss&eacute;d&eacute;'),
(1394, 'tops'),
(1395, 'syst&egrave;me'),
(1396, 'personnalis&eacute;'),
(1397, 'copyright'),
(1398, '&copy;'),
(1399, '2005-2020'),
(1400, 'fz_global_contener'),
(1401, 'margin'),
(1402, 'auto;position'),
(1403, 'relative;z-index'),
(1404, 'fz_player_contener'),
(1405, 'position'),
(1406, 'fz_player_hover'),
(1407, 'absolute;z-index'),
(1408, '100;width'),
(1409, '100'),
(1410, ';height'),
(1411, ';top'),
(1412, '0;left'),
(1413, '0;background'),
(1414, 'transparent;text-align'),
(1415, 'center;cursor'),
(1416, 'pointer;'),
(1417, 'pomme'),
(1418, '&mdash;'),
(1419, 'wikip&eacute;dia'),
(1420, 'aller'),
(1421, 'contenu'),
(1422, 'afficher'),
(1423, 'cacher'),
(1424, 'barre'),
(1425, 'lat&eacute;rale'),
(1426, 'rechercher'),
(1427, 'personnels'),
(1428, 'connect&eacute;discussioncontributionscr&eacute;er'),
(1429, 'comptese'),
(1430, 'accueilportails'),
(1431, 'th&eacute;matiquesarticle'),
(1432, 'hasardcontact'),
(1433, 'd&eacute;buter'),
(1434, 'wikip&eacute;diaaidecommunaut&eacute;modifications'),
(1435, 'r&eacute;centesfaire'),
(1436, 'don'),
(1437, 'pages'),
(1438, 'li&eacute;essuivi'),
(1439, 'li&eacute;est&eacute;l&eacute;verser'),
(1440, 'fichierpages'),
(1441, 'sp&eacute;cialeslien'),
(1442, 'permanentinformations'),
(1443, 'pageciter'),
(1444, 'page&eacute;l&eacute;ment'),
(1445, 'wikidata'),
(1446, 'imprimer&nbsp;'),
(1447, '&nbsp;exporter'),
(1448, 'livret&eacute;l&eacute;charger'),
(1449, 'pdfversion'),
(1450, 'imprimable'),
(1451, 'projets'),
(1452, 'wikimedia'),
(1453, 'commons'),
(1454, 'langues'),
(1455, 'afrikaansalemannisch&'),
(1456, '4768;&'),
(1457, '4635;&'),
(1458, '4653;&'),
(1459, '4763;aragon&eacute;s&aelig;nglisc&'),
(1460, '1575;&'),
(1461, '1604;&'),
(1462, '1593;&'),
(1463, '1585;&'),
(1464, '1576;&'),
(1465, '1610;&'),
(1466, '1577;&'),
(1467, '1808;&'),
(1468, '1834;&'),
(1469, '1825;&'),
(1470, '1821;&'),
(1471, '1605;&'),
(1472, '1589;&'),
(1473, '1609;&'),
(1474, '2437;&'),
(1475, '2488;&'),
(1476, '2478;&'),
(1477, '2496;&'),
(1478, '2479;&'),
(1479, '2492;&'),
(1480, '2494;asturianuatikamekwaz&'),
(1481, '601;rbaycanca&'),
(1482, '1578;&'),
(1483, '1734;&'),
(1484, '1705;&'),
(1485, '1580;&'),
(1486, '1607;&'),
(1487, '1041;&'),
(1488, '1072;&'),
(1489, '1096;&'),
(1490, '1185;&'),
(1491, '1086;&'),
(1492, '1088;&'),
(1493, '1090;&'),
(1494, '1089;&'),
(1495, '1072;basa'),
(1496, 'baliboarisch&'),
(1497, '1077;&'),
(1498, '1083;&'),
(1499, '1091;&'),
(1500, '1082;&'),
(1501, '1103;&'),
(1502, '1103;'),
(1503, '1074;&'),
(1504, '1110;&'),
(1505, '1094;&'),
(1506, '1072;'),
(1507, '&lrm;&'),
(1508, '1098;&'),
(1509, '1075;&'),
(1510, '1080;&'),
(1511, '2349;&'),
(1512, '2379;&'),
(1513, '2332;&'),
(1514, '2346;&'),
(1515, '2369;&'),
(1516, '2352;&'),
(1517, '2368;bislama&'),
(1518, '2476;&'),
(1519, '2494;&'),
(1520, '2434;&'),
(1521, '2482;&'),
(1522, '3926;&'),
(1523, '3964;&'),
(1524, '3921;&'),
(1525, '3851;&'),
(1526, '3937;&'),
(1527, '3954;&'),
(1528, '3906;brezhonegbosanskicatal&agrave;m&igrave;ng-d&'),
(1529, '277;&'),
(1530, '804;ng-ng&'),
(1531, '7795;&'),
(1532, '772;&'),
(1533, '1053;&'),
(1534, '1093;&'),
(1535, '1095;&'),
(1536, '1081;&'),
(1537, '1085;&'),
(1538, '5091;&'),
(1539, '5043;&'),
(1540, '5033;tsets&ecirc;hest&acirc;hese&'),
(1541, '1608;&'),
(1542, '1583;&'),
(1543, '1740;&'),
(1544, '268;e&scaron;tina&'),
(1545, '1063;&'),
(1546, '1233;&'),
(1547, '1072;cymraegdanskdeutschzazakidolnoserbski&'),
(1548, '1931;&'),
(1549, '1960;&'),
(1550, '1928;&'),
(1551, '1964;&'),
(1552, '1920;&'),
(1553, '1924;&'),
(1554, '1958;&'),
(1555, '1936;&'),
(1556, '1968;&epsilon;&lambda;&lambda;&eta;&nu;&iota;&kappa;&'),
(1557, '940;emili&agrave;n'),
(1558, 'rumagn&ograve;lenglishesperantoespa&ntilde;oleestieuskara&'),
(1559, '1601;&'),
(1560, '1587;&'),
(1561, '1740;suomiv&otilde;rona'),
(1562, 'vosa'),
(1563, 'vakavitifurlangaeilge&'),
(1564, '36123;&'),
(1565, '35486;g&agrave;idhliggalegoava&ntilde;e'),
(1566, '7869;&'),
(1567, '2711;&'),
(1568, '2753;&'),
(1569, '2716;&'),
(1570, '2736;&'),
(1571, '2750;&'),
(1572, '2724;&'),
(1573, '2752;&'),
(1574, '23458;&'),
(1575, '23478;&'),
(1576, '35486;'),
(1577, 'hak-k&acirc;-ng&icirc;&'),
(1578, '1506;&'),
(1579, '1489;&'),
(1580, '1512;&'),
(1581, '1497;&'),
(1582, '1514;&'),
(1583, '2361;&'),
(1584, '2367;&'),
(1585, '2344;&'),
(1586, '2381;&'),
(1587, '2342;&'),
(1588, '2368;fiji'),
(1589, 'hindihrvatskihornjoserbscekrey&ograve;l'),
(1590, 'ayisyen&'),
(1591, '1344;&'),
(1592, '1377;&'),
(1593, '1397;&'),
(1594, '1381;&'),
(1595, '1408;&'),
(1596, '1398;&'),
(1597, '1329;&'),
(1598, '1410;&'),
(1599, '1396;&'),
(1600, '1407;&'),
(1601, '1392;&'),
(1602, '1383;&'),
(1603, '1398;interlinguabahasa'),
(1604, 'indonesiailokanoido&iacute;slenskaitaliano&'),
(1605, '5123;&'),
(1606, '5316;&'),
(1607, '5251;&'),
(1608, '5198;&'),
(1609, '5200;&'),
(1610, '5222;'),
(1611, 'inuktitut&'),
(1612, '26085;&'),
(1613, '26412;&'),
(1614, '35486;la'),
(1615, 'lojban'),
(1616, 'jawaqaraqalpaqshataqbaylit&'),
(1617, '1178;&'),
(1618, '1079;&'),
(1619, '1179;&'),
(1620, '3221;&'),
(1621, '3240;&'),
(1622, '3277;&'),
(1623, '3233;&'),
(1624, '54620;&'),
(1625, '44397;&'),
(1626, '50612;&'),
(1627, '1050;&'),
(1628, '1081;-&'),
(1629, '1084;&'),
(1630, '2325;&'),
(1631, '2377;&'),
(1632, '2358;&'),
(1633, '2352;'),
(1634, '1650;&'),
(1635, '1588;&'),
(1636, '1615;&'),
(1637, '1585;ripoarisch&'),
(1638, '1099;&'),
(1639, '1072;latinaladinol&euml;tzebuergeschlimburgsligure&'),
(1640, '3749;&'),
(1641, '3762;&'),
(1642, '3751;lietuvi&'),
(1643, '371;latvie&scaron;ubasa'),
(1644, 'banyumasan&'),
(1645, '1052;&'),
(1646, '1100;malagasy&'),
(1647, '1054;&'),
(1648, '1082;'),
(1649, '1081;m&'),
(1650, '257;ori&'),
(1651, '1076;&'),
(1652, '3374;&'),
(1653, '3378;&'),
(1654, '3375;&'),
(1655, '3390;&'),
(1656, '3379;&'),
(1657, '3330;&'),
(1658, '2350;&'),
(1659, '2366;&'),
(1660, '2336;&'),
(1661, '2368;bahasa'),
(1662, 'melayumirand&eacute;s&'),
(1663, '4121;&'),
(1664, '4156;&'),
(1665, '4116;&'),
(1666, '4154;&'),
(1667, '4140;&'),
(1668, '4120;&'),
(1669, '4126;&'),
(1670, '4140;n&'),
(1671, '257;huatlnapulitano&'),
(1672, '2375;&'),
(1673, '2354;'),
(1674, '2359;&'),
(1675, '2366;nederlandsnorsk'),
(1676, 'bokm&aring;lnouormandsesotho'),
(1677, 'leboadin&eacute;'),
(1678, 'bizaadoccitanlivvinkarjala&'),
(1679, '1048;&'),
(1680, '2602;&'),
(1681, '2672;&'),
(1682, '2588;&'),
(1683, '2622;&'),
(1684, '2604;&'),
(1685, '2624;polski&'),
(1686, '1662;&'),
(1687, '1606;&'),
(1688, '1740;portugu&ecirc;srom&acirc;n&'),
(1689, '259;arm&atilde;neashti&'),
(1690, '1056;&'),
(1691, '1100;&'),
(1692, '1081;kinyarwanda&'),
(1693, '2360;&'),
(1694, '2306;&'),
(1695, '2371;&'),
(1696, '2340;&'),
(1697, '2381;sicilianuscots&'),
(1698, '1676;&'),
(1699, '4221;&'),
(1700, '4227;&'),
(1701, '4231;&'),
(1702, '4112;&'),
(1703, '4230;&'),
(1704, '4152;'),
(1705, 'simple'),
(1706, 'englishsloven&'),
(1707, '269;inasloven&scaron;&'),
(1708, '269;inagagana'),
(1709, 'samoashqip&'),
(1710, '1057;&'),
(1711, '1087;&'),
(1712, '1080;'),
(1713, 'srpskisundasvenskakiswahilisakizaya&'),
(1714, '2980;&'),
(1715, '2990;&'),
(1716, '3007;&'),
(1717, '2996;&'),
(1718, '3021;&'),
(1719, '3108;&'),
(1720, '3142;&'),
(1721, '3122;&'),
(1722, '3137;&'),
(1723, '3095;&'),
(1724, '1058;&'),
(1725, '1207;&'),
(1726, '1251;&'),
(1727, '3652;&'),
(1728, '3607;&'),
(1729, '3618;t&uuml;rkmen&ccedil;etagalogsetswanat&uuml;rk&ccedil;e&'),
(1730, 'tatar&ccedil;a&'),
(1731, '1574;&'),
(1732, '1735;&'),
(1733, '1594;&'),
(1734, '1670;&'),
(1735, '1749;'),
(1736, 'uyghurche&'),
(1737, '1059;&'),
(1738, '1111;&'),
(1739, '1608;tshivendaveps&auml;n'),
(1740, 'kel&rsquo;ti&'),
(1741, '7871;ng'),
(1742, 'vi&'),
(1743, '7879;twest-vlamsvolap&uuml;kwalonwinaray&'),
(1744, '21556;&'),
(1745, '35821;&'),
(1746, '1061;&'),
(1747, '1460;&'),
(1748, '1491;&'),
(1749, '1513;vahcuengh&'),
(1750, '20013;&'),
(1751, '25991;b&acirc;n-l&acirc;m-g&uacute;&'),
(1752, '31925;&'),
(1753, '35486;isizulu157'),
(1754, 'liens'),
(1755, 'menu'),
(1756, 'espaces'),
(1757, 'articlediscussion'),
(1758, 'variantes'),
(1759, 'affichages'),
(1760, 'lirevoir'),
(1761, 'sourcevoir'),
(1762, 'l&rsquo;historique'),
(1763, '@font-face'),
(1764, 'font-family'),
(1765, 'montserrat'),
(1766, 'font-style'),
(1767, 'normal;'),
(1768, 'src'),
(1769, 'url'),
(1770, 'https'),
(1771, 'upload'),
(1772, 'org'),
(1773, 'wikipedia'),
(1774, 'donate'),
(1775, 'woff2'),
(1776, 'format'),
(1777, 'main'),
(1778, 'banner'),
(1779, 'container'),
(1780, 'background'),
(1781, 'border'),
(1782, 'colour'),
(1783, 'and'),
(1784, 'width'),
(1785, 'adding'),
(1786, 'between'),
(1787, 'header'),
(1788, 'cnotice'),
(1789, 'relative;'),
(1790, 'overflow'),
(1791, 'hidden;'),
(1792, 'f8f9fa;'),
(1793, '1px'),
(1794, 'solid'),
(1795, 'a2a9b1;'),
(1796, 'border-radius'),
(1797, '2px;'),
(1798, 'margin-bottom'),
(1799, '1em;'),
(1800, 'cursor'),
(1801, 'color'),
(1802, '222;'),
(1803, 'font-weight'),
(1804, '500;'),
(1805, 'sets'),
(1806, 'minimum'),
(1807, 'height'),
(1808, 'img'),
(1809, 'logo-container'),
(1810, 'margins'),
(1811, 'will'),
(1812, 'larger'),
(1813, 'cnotice-main'),
(1814, 'display'),
(1815, 'table;'),
(1816, '80px;'),
(1817, 'need'),
(1818, 'set'),
(1819, 'for'),
(1820, 'work'),
(1821, 'elements'),
(1822, 'within'),
(1823, 'adjust'),
(1824, 'body'),
(1825, 'skin-minerva'),
(1826, '100px;'),
(1827, 'important'),
(1828, 'touch'),
(1829, 'cnotice-message-container'),
(1830, 'cnotice-logo-container'),
(1831, 'cnotice-misc-container'),
(1832, 'table-cell;'),
(1833, 'vertical-align'),
(1834, 'middle;'),
(1835, '---'),
(1836, 'cnotice-message'),
(1837, 'line-height'),
(1838, 'padding'),
(1839, '5px'),
(1840, '5px;'),
(1841, 'rtl'),
(1842, 'arial'),
(1843, 'sans-serif;'),
(1844, 'bold;'),
(1845, 'font-size'),
(1846, 'opacity'),
(1847, 'text-align'),
(1848, 'center;'),
(1849, 'padding-top'),
(1850, '10px;'),
(1851, 'padding-bottom'),
(1852, '@media'),
(1853, 'min-width'),
(1854, '1200px'),
(1855, '120'),
(1856, 'logo'),
(1857, 'image'),
(1858, 'text'),
(1859, '25em'),
(1860, '9em;'),
(1861, 'block;'),
(1862, 'margin-left'),
(1863, 'margin-top'),
(1864, '1px;'),
(1865, 'misc'),
(1866, 'containter'),
(1867, 'stuff'),
(1868, 'starts'),
(1869, 'here'),
(1870, 'padding-right'),
(1871, '40px;'),
(1872, 'detects'),
(1873, 'adjusts'),
(1874, 'skin'),
(1875, 'close'),
(1876, 'options'),
(1877, 'cnotice-toggle-box-options'),
(1878, '8em;'),
(1879, 'text-transform'),
(1880, 'uppercase;'),
(1881, '38px;'),
(1882, '19px;'),
(1883, 'cnotice-toggle-box'),
(1884, 'absolute;'),
(1885, 'right'),
(1886, '3px;'),
(1887, 'z-index'),
(1888, 'left'),
(1889, 'unset;'),
(1890, 'hover'),
(1891, 'full'),
(1892, 'link'),
(1893, 'cnotice-full-banner-click'),
(1894, 'text-decoration'),
(1895, 'none;'),
(1896, 'underline;'),
(1897, 'cnotice-button'),
(1898, 'inline-block;'),
(1899, '2px'),
(1900, '36c;'),
(1901, 'fff;'),
(1902, '14px;'),
(1903, '4px'),
(1904, '-moz-transition-duration'),
(1905, '100ms;'),
(1906, 'firefox'),
(1907, '-webkit-transition-duration'),
(1908, 'safari'),
(1909, 'transition-duration'),
(1910, '1100px'),
(1911, '110px;'),
(1912, 'auto;'),
(1913, 'buttons'),
(1914, 'cnotice-buttonlink'),
(1915, '000;'),
(1916, 'cnotice-button1'),
(1917, 'background-color'),
(1918, 'border-color'),
(1919, '447ff5;'),
(1920, 'active'),
(1921, '2a4b8d;'),
(1922, '23px;'),
(1923, '20px;'),
(1924, 'cnotice-translation-link'),
(1925, '65px;'),
(1926, 'bottom'),
(1927, '0px;'),
(1928, 'white-space'),
(1929, 'nowrap;'),
(1930, 'left;'),
(1931, 'mois'),
(1932, 'asiatique'),
(1933, 'wikip&eacute;diaparticipez'),
(1934, 'gagnez'),
(1935, 'carte'),
(1936, 'postale'),
(1937, 'provenant'),
(1938, 'asie'),
(1939, 'aidez-nous'),
(1940, 'traduire'),
(1941, 'encyclop&eacute;die'),
(1942, 'homonymes'),
(1943, 'homonymie'),
(1944, 'vari&eacute;t&eacute;s'),
(1945, 'pommes'),
(1946, 'arbre'),
(1947, 'coupe'),
(1948, 'plante'),
(1949, 'pommier'),
(1950, 'esp&egrave;ce'),
(1951, 'malus'),
(1952, 'famille'),
(1953, 'rosaceae'),
(1954, 'origine'),
(1955, 'centrale'),
(1956, 'vitamines'),
(1957, 'min&eacute;raux'),
(1958, 'calcium'),
(1959, 'fer'),
(1960, 'magn&eacute;sium'),
(1961, 'mangan&egrave;se'),
(1962, 'phosphore'),
(1963, 'potassium'),
(1964, 'sodium'),
(1965, 'zinc'),
(1966, 'modifier&nbsp;'),
(1967, 'fruit'),
(1968, 'comestible'),
(1969, 'pommiers'),
(1970, 'cultiv&eacute;s'),
(1971, 'mondialement'),
(1972, 'repr&eacute;sentent'),
(1973, 'cultiv&eacute;e'),
(1974, 'genre'),
(1975, 'originaire'),
(1976, 'anc&ecirc;tre'),
(1977, 'sauvage'),
(1978, 'sieversii'),
(1979, 'trouv&eacute;'),
(1980, 'jours'),
(1981, 'cultiv&eacute;es'),
(1982, 'europe'),
(1983, 'import&eacute;es'),
(1984, 'am&eacute;rique'),
(1985, 'nord'),
(1986, 'colons'),
(1987, 'europ&eacute;ens'),
(1988, 'signification'),
(1989, 'religieuse'),
(1990, 'mythologique'),
(1991, 'cultures'),
(1992, 'mythologies'),
(1993, 'nordique'),
(1994, 'grecque'),
(1995, 'tradition'),
(1996, 'chr&eacute;tienne'),
(1997, 'grands'),
(1998, 'partir'),
(1999, 'graines'),
(2000, 'g&eacute;n&eacute;ralement'),
(2001, 'cultivars'),
(2002, 'multiplient'),
(2003, 'greffage'),
(2004, 'porte-greffes'),
(2005, 'contr&ocirc;lent'),
(2006, 'taille'),
(2007, 'l&rsquo;arbre'),
(2008, 'r&eacute;sultant'),
(2009, 'existe'),
(2010, '7&nbsp;500'),
(2011, 'large'),
(2012, '&eacute;ventail'),
(2013, 'caract&eacute;ristiques'),
(2014, '&eacute;lev&eacute;s'),
(2015, 'go&ucirc;ts'),
(2016, 'utilisations'),
(2017, 'cuisson'),
(2018, 'consommation'),
(2019, 'cru'),
(2020, 'cidre'),
(2021, 'arbres'),
(2022, 'fruits'),
(2023, 'sujets'),
(2024, 'probl&egrave;mes'),
(2025, 'fongiques'),
(2026, 'bact&eacute;ries'),
(2027, 'nuisibles'),
(2028, 'contr&ocirc;l&eacute;s'),
(2029, 'moyens'),
(2030, 'biologiques'),
(2031, 'synth&eacute;tiques'),
(2032, '2010'),
(2033, 'g&eacute;nome'),
(2034, 's&eacute;quenc&eacute;'),
(2035, 'cadre'),
(2036, 'lutte'),
(2037, 'maladies'),
(2038, 's&eacute;lection'),
(2039, 's&eacute;lective'),
(2040, 'millions&nbsp;de'),
(2041, 'tonnes'),
(2042, 'produite'),
(2043, 'sommaire'),
(2044, '&eacute;tymologie'),
(2045, 'botanique'),
(2046, 'description'),
(2047, 'anc&ecirc;tres'),
(2048, 'sauvages'),
(2049, 'cycle'),
(2050, 'typologie'),
(2051, 'canada'),
(2052, 'rendement'),
(2053, 'utilisation'),
(2054, 'apports'),
(2055, 'nutritifs'),
(2056, 'm&eacute;dicament'),
(2057, 'toxicit&eacute;'),
(2058, 'dents'),
(2059, 'pr&eacute;sence'),
(2060, 'produits'),
(2061, 'synth&egrave;se'),
(2062, 'base'),
(2063, 'boissons'),
(2064, 'symbolique'),
(2065, 'antique'),
(2066, 'apparitions'),
(2067, 'mus&eacute;es'),
(2068, 'foire'),
(2069, 'anecdotiques'),
(2070, 'notes'),
(2071, 'r&eacute;f&eacute;rences'),
(2072, 'bibliographie'),
(2073, 'connexes'),
(2074, 'lien'),
(2075, 'ancienne'),
(2076, 'attestation'),
(2077, 'remonte'),
(2078, '1100'),
(2079, 'chanson'),
(2080, 'roland'),
(2081, 'forme'),
(2082, '&laquo;&nbsp;pume&nbsp;&raquo;'),
(2083, '&laquo;&nbsp;pomme&nbsp;&raquo;'),
(2084, 'gallo-roman'),
(2085, '&laquo;&nbsp;poma&nbsp;&raquo;'),
(2086, 'latine'),
(2087, 'd&eacute;sinence'),
(2088, '&laquo;&nbsp;-a&nbsp;&raquo;'),
(2089, 'f&eacute;miniser'),
(2090, 'singulier'),
(2091, '&laquo;&nbsp;pomum&nbsp;&raquo;'),
(2092, 'signifiant'),
(2093, '&laquo;&nbsp;fruit'),
(2094, 'p&eacute;pins'),
(2095, 'noyau&nbsp;&raquo;'),
(2096, '&laquo;&nbsp;pom-&nbsp;&raquo;'),
(2097, 'retrouve'),
(2098, 'pomone'),
(2099, 'd&eacute;esse'),
(2100, 'latin'),
(2101, 'classique'),
(2102, 'appel&eacute;e'),
(2103, '&laquo;&nbsp;malum&nbsp;&raquo;'),
(2104, 'donne'),
(2105, '&laquo;&nbsp;mail&nbsp;&raquo;'),
(2106, 'romanche'),
(2107, '&laquo;&nbsp;mela&nbsp;&raquo;'),
(2108, 'italien'),
(2109, '&laquo;&nbsp;m&'),
(2110, '259;r&nbsp;&raquo;'),
(2111, 'roumain'),
(2112, 'remplace'),
(2113, 'demeure'),
(2114, 'excellence'),
(2115, 'revanche'),
(2116, 'g&eacute;n&eacute;ral'),
(2117, '&laquo;&nbsp;fruit&nbsp;&raquo;'),
(2118, 'perp&eacute;tue'),
(2119, 't&eacute;moignent'),
(2120, 'terre'),
(2121, 'jacque'),
(2122, 'orange'),
(2123, 'pin'),
(2124, 'cannelle'),
(2125, 'francophone'),
(2126, 'd&eacute;signe'),
(2127, 'd&eacute;sign&eacute;e'),
(2128, '&laquo;&nbsp;pomme-fruit&nbsp;&raquo;'),
(2129, '&laquo;&nbsp;pomme'),
(2130, 'france&nbsp;&raquo;'),
(2131, 'allemand'),
(2132, 'emprunte'),
(2133, '&laquo;&nbsp;pommes'),
(2134, 'frites&nbsp;&raquo;'),
(2135, 'r&eacute;duit'),
(2136, '&laquo;&nbsp;pommes&nbsp;&raquo;'),
(2137, 'sonore'),
(2138, 'celtique'),
(2139, 'ancien'),
(2140, '&laquo;&nbsp;'),
(2141, 'ablu&nbsp;&raquo;'),
(2142, 'd&eacute;riv&eacute;'),
(2143, 'abalnos'),
(2144, 'abalna&nbsp;&raquo;'),
(2145, 'signifie'),
(2146, '&laquo;&nbsp;pommier&nbsp;&raquo;'),
(2147, 'donnent'),
(2148, 'gaulois'),
(2149, '&laquo;&nbsp;abalo-&nbsp;&raquo;'),
(2150, '&laquo;&nbsp;aballo&nbsp;&raquo;'),
(2151, '&laquo;&nbsp;avallo&nbsp;&raquo;'),
(2152, 'vieil'),
(2153, 'irlandais'),
(2154, '&laquo;&nbsp;ubull&nbsp;&raquo;'),
(2155, '&laquo;&nbsp;aball&nbsp;&raquo;'),
(2156, 'gallois'),
(2157, '&laquo;&nbsp;afal&nbsp;&raquo;'),
(2158, 'cornique'),
(2159, '&laquo;&nbsp;aval&nbsp;&raquo;'),
(2160, 'breton'),
(2161, 'wezenn-aval&nbsp;&raquo;'),
(2162, 'litt&eacute;ralement'),
(2163, 'pommes&nbsp;&raquo;'),
(2164, 'trouve'),
(2165, 'racine'),
(2166, 'indo-europ&eacute;enne'),
(2167, 'germaniques'),
(2168, 'n&eacute;erlandais'),
(2169, '&laquo;&nbsp;appel&nbsp;&raquo;'),
(2170, '&laquo;&nbsp;apfel&nbsp;&raquo;'),
(2171, 'anglais'),
(2172, '&laquo;&nbsp;apple&nbsp;&raquo;'),
(2173, 'toponymie'),
(2174, 'conserve'),
(2175, 'traces'),
(2176, 'avallon'),
(2177, 'yonne'),
(2178, 'availles-limouzine'),
(2179, 'vienne'),
(2180, 'remontent'),
(2181, '&laquo;&nbsp;aballo-&nbsp;&raquo;'),
(2182, '&laquo;&nbsp;pomaretu&nbsp;&raquo;'),
(2183, 'form&eacute;'),
(2184, '&laquo;&nbsp;pomar&nbsp;&raquo;'),
(2185, 'suffixe'),
(2186, '&laquo;&nbsp;-etu&nbsp;&raquo;'),
(2187, 'd&eacute;signer'),
(2188, 'ensemble'),
(2189, 'appartenant'),
(2190, 'esp&egrave;ce&nbsp;&raquo;'),
(2191, 'donner'),
(2192, 'pommeraye'),
(2193, 'langue'),
(2194, 'o&iuml;l'),
(2195, 'pomar&egrave;de'),
(2196, 'occitan'),
(2197, '&eacute;quatoriale'),
(2198, 'montrant'),
(2199, 'ext&eacute;rieur'),
(2200, 'centre'),
(2201, 'peau'),
(2202, 'rouge'),
(2203, 'chair'),
(2204, 'vert-blanc'),
(2205, 'marron'),
(2206, 'sectionn&eacute;s'),
(2207, 'entaill&eacute;s'),
(2208, 'd&eacute;cidu'),
(2209, 'mesurant'),
(2210, '5&nbsp;m&egrave;tres'),
(2211, '9&nbsp;m&egrave;tres'),
(2212, 'lorsqu'),
(2213, 'cultiv&eacute;'),
(2214, 'densit&eacute;'),
(2215, 'branches'),
(2216, 'd&eacute;termin&eacute;es'),
(2217, 'm&eacute;thode'),
(2218, 'feuilles'),
(2219, 'alternes'),
(2220, 'ovales'),
(2221, 'fonc&eacute;'),
(2222, 'bords'),
(2223, 'dentel&eacute;s'),
(2224, 'au-dessous'),
(2225, 'l&eacute;g&egrave;rement'),
(2226, 'duveteux'),
(2227, 'floraison'),
(2228, 'lieu'),
(2229, 'printemps'),
(2230, 'simultan&eacute;ment'),
(2231, 'bourgeonnement'),
(2232, 'fleures'),
(2233, 'produites'),
(2234, '&eacute;perons'),
(2235, 'longues'),
(2236, 'pousses'),
(2237, 'fleurs'),
(2238, '4&nbsp;cm'),
(2239, 'compos&eacute;es'),
(2240, 'p&eacute;tales'),
(2241, 'blancs'),
(2242, 'teinte'),
(2243, 'ros&eacute;e'),
(2244, 'estompe'),
(2245, 'progressivement'),
(2246, 'inflorescence'),
(2247, 'constitu&eacute;e'),
(2248, 'cyme'),
(2249, 'fleur'),
(2250, 'parfois'),
(2251, 'qualifi&eacute;e'),
(2252, '&laquo;&nbsp;floraison'),
(2253, 'royale&nbsp;&raquo;'),
(2254, 'ouvre'),
(2255, 'd&eacute;velopper'),
(2256, 'gros'),
(2257, 'complexe'),
(2258, 'domestica'),
(2259, 'pr&eacute;cis&eacute;ment'),
(2260, 'composite'),
(2261, 'constitu&eacute;'),
(2262, 'ovaire'),
(2263, 'pi&egrave;ces'),
(2264, 'florales'),
(2265, 'r&eacute;ceptacle'),
(2266, 'soud&eacute;'),
(2267, 'charnu'),
(2268, 'quasi'),
(2269, 'sph&eacute;rique'),
(2270, 'd&eacute;prim&eacute;e'),
(2271, 'sommet'),
(2272, 'pulpe'),
(2273, 'homog&egrave;ne'),
(2274, 'contraire'),
(2275, 'poires'),
(2276, 'contiennent'),
(2277, 'cellules'),
(2278, 'scl&eacute;rifi&eacute;es'),
(2279, 'pierreuses'),
(2280, 'anciennes'),
(2281, 'formes'),
(2282, 'particuli&egrave;res'),
(2283, 'api'),
(2284, 'plate'),
(2285, '&eacute;toil&eacute;e'),
(2286, 'pentagonale'),
(2287, 'pigeonnets'),
(2288, 'allong&eacute;s'),
(2289, 'lemon'),
(2290, 'pipin'),
(2291, 'anglaise'),
(2292, 'cuire'),
(2293, 'couleur'),
(2294, 'citron'),
(2295, 'poids'),
(2296, 'variable'),
(2297, 'v&eacute;g&eacute;tation'),
(2298, 'couleurs'),
(2299, 'maturit&eacute;'),
(2300, 'd&eacute;clinent'),
(2301, 'passant'),
(2302, 'vari&eacute;t&eacute;'),
(2303, 'interm&eacute;diaires&nbsp;'),
(2304, 'p&acirc;le'),
(2305, 'jaune'),
(2306, 'orang&eacute;'),
(2307, 'panach&eacute;es'),
(2308, 'oppos&eacute;'),
(2309, 'insertion'),
(2310, 'p&eacute;doncule'),
(2311, 'restes'),
(2312, 's&eacute;pales'),
(2313, 'dess&eacute;ch&eacute;s'),
(2314, 'issue'),
(2315, 'dite'),
(2316, '&laquo;&nbsp;&agrave;'),
(2317, 'inf&egrave;re'),
(2318, 'adh&eacute;rent&nbsp;&raquo;'),
(2319, 'est-&agrave;-dire'),
(2320, 'p&eacute;rianthe'),
(2321, 'comprenant'),
(2322, 'floral'),
(2323, 'vue'),
(2324, 'interm&eacute;diaire'),
(2325, 'baie'),
(2326, 'drupe'),
(2327, 'botanistes'),
(2328, 'appellent'),
(2329, '&laquo;&nbsp;piridion&nbsp;&raquo;'),
(2330, 'type'),
(2331, 'typique'),
(2332, 'rosac&eacute;es'),
(2333, 'sous-famille'),
(2334, 'maloideae'),
(2335, 'transversale'),
(2336, 'chacune'),
(2337, 'loges'),
(2338, 'initial'),
(2339, 'entour&eacute;'),
(2340, 'enveloppe'),
(2341, 'scl&eacute;rifi&eacute;e'),
(2342, 'noyau'),
(2343, 'correspond'),
(2344, 'paroi'),
(2345, 'puis'),
(2346, 'membrane'),
(2347, 'fibreuse'),
(2348, 'marque'),
(2349, 's&eacute;paration'),
(2350, 'consid&eacute;rablement'),
(2351, '&eacute;paissi'),
(2352, 'former'),
(2353, 'essentiel'),
(2354, 'sorte'),
(2355, 'mangeons'),
(2356, 'nature'),
(2357, 'induvie&nbsp;'),
(2358, 'constituant'),
(2359, 'trognon'),
(2360, 'g&eacute;n&eacute;tique'),
(2361, 'chromosomes'),
(2362, 'domestique'),
(2363, 'int&eacute;gralement'),
(2364, 'd&eacute;crypt&eacute;'),
(2365, 'italienne'),
(2366, 'ao&ucirc;t'),
(2367, '2010&nbsp;'),
(2368, 'montrent'),
(2369, 'existence'),
(2370, '992'),
(2371, 'g&egrave;nes'),
(2372, 'r&eacute;sistance'),
(2373, '&laquo;&nbsp;duplication'),
(2374, 'compl&egrave;te'),
(2375, 'relativement'),
(2376, 'r&eacute;cente'),
(2377, 'provoqu&eacute;'),
(2378, 'ancestraux'),
(2379, 'pyreae&nbsp;&raquo;'),
(2380, 'ph&eacute;nom&egrave;ne'),
(2381, 'polyplo&iuml;die'),
(2382, '&eacute;galement'),
(2383, 'poirier'),
(2384, 'peuplier'),
(2385, '65&nbsp;millions'),
(2386, 'pourrait'),
(2387, 'provenir'),
(2388, 'r&eacute;action'),
(2389, 'survie'),
(2390, '&laquo;&nbsp;effet'),
(2391, 'vigueur&nbsp;&raquo;'),
(2392, 'catastrophe'),
(2393, 'entra&icirc;n&eacute;'),
(2394, 'destruction'),
(2395, 'massive'),
(2396, 'esp&egrave;ces'),
(2397, 'dinosaures'),
(2398, 'section'),
(2399, 'vide'),
(2400, 'insuffisamment'),
(2401, 'd&eacute;taill&eacute;e'),
(2402, 'incompl&egrave;te'),
(2403, 'bienvenue&nbsp;'),
(2404, 'faire&nbsp;'),
(2405, 'faux-fruit'),
(2406, 'compos&eacute;'),
(2407, 'drupes'),
(2408, 'd&eacute;rive'),
(2409, 'correspondant'),
(2410, 'carpelles'),
(2411, 'soud&eacute;s'),
(2412, 'ferm&eacute;s'),
(2413, 'placentation'),
(2414, 'axile'),
(2415, 'trouvent'),
(2416, 'endocarpe'),
(2417, 'lignifi&eacute;'),
(2418, 'charnue'),
(2419, 'm&eacute;socarpe'),
(2420, 'conceptacle'),
(2421, 'exocarpe'),
(2422, 'f&eacute;condation'),
(2423, 'longitudinale'),
(2424, 'd&eacute;taill&eacute;&nbsp;'),
(2425, 'attaqu&eacute;e'),
(2426, 'agir'),
(2427, 'bact&eacute;riennes'),
(2428, 'virales'),
(2429, 'cryptogamiques'),
(2430, 'parasitaires'),
(2431, 'principalement'),
(2432, 'tavelure'),
(2433, 'chancre'),
(2434, 'o&iuml;dium'),
(2435, 'insectes'),
(2436, 'ravageurs'),
(2437, 'pucerons'),
(2438, 'puceron'),
(2439, 'lanig&egrave;re'),
(2440, 'cendr&eacute;'),
(2441, 'acariens'),
(2442, 'rouges'),
(2443, 'anthonomes'),
(2444, 'carpocapse'),
(2445, 'noctuelle'),
(2446, 'petite'),
(2447, 'tordeuse'),
(2448, 'arpenteuse'),
(2449, 'psylle'),
(2450, 'traduit'),
(2451, 'taches'),
(2452, 'noires'),
(2453, 'mortes'),
(2454, 'hiver'),
(2455, 'duvet'),
(2456, 'blanc'),
(2457, 'surface'),
(2458, 'jeunes'),
(2459, 'p&eacute;riodes'),
(2460, 'chaudes'),
(2461, 'humides'),
(2462, 'caract&eacute;ristique'),
(2463, 'rem&egrave;des&nbsp;'),
(2464, 'pulv&eacute;risation'),
(2465, 'bouillie'),
(2466, 'bordelaise'),
(2467, 'cuivre'),
(2468, 'chute'),
(2469, 'ouverture'),
(2470, 'bourgeons'),
(2471, 'pr&eacute;conis&eacute;e'),
(2472, 'tomb&eacute;es'),
(2473, 'br&ucirc;l&eacute;es'),
(2474, 'lutter'),
(2475, 'soufre');
INSERT INTO `mot` (`id_mot`, `mot`) VALUES
(2476, 'micronis&eacute;'),
(2477, 'conseill&eacute;e'),
(2478, 'biopesticides'),
(2479, 'diffuseurs'),
(2480, 'odeurs'),
(2481, 'ph&eacute;romones'),
(2482, 'insecticides'),
(2483, 'microbiens'),
(2484, 'luttent'),
(2485, 'efficacement'),
(2486, 'lanig&egrave;res'),
(2487, 'utilis&eacute;es'),
(2488, 'industrielle'),
(2489, 'sensibles'),
(2490, 'attaques'),
(2491, 'gala'),
(2492, 'braeburn'),
(2493, 'granny'),
(2494, 'smith'),
(2495, 'golden'),
(2496, 'delicious'),
(2497, 'traitements'),
(2498, 'traditionnelles'),
(2499, 'r&eacute;sistantes'),
(2500, 'amplifi&eacute;es'),
(2501, 'grandes'),
(2502, '&eacute;tendues'),
(2503, 'plantation'),
(2504, 'vergers'),
(2505, 'familiaux'),
(2506, 'limite'),
(2507, 'propagation'),
(2508, 'multiples'),
(2509, 'classements'),
(2510, 'possibles&nbsp;'),
(2511, 'couteau'),
(2512, '&nbsp;;'),
(2513, 'g&eacute;ographique'),
(2514, '&laquo;&nbsp;pays&nbsp;&raquo;'),
(2515, 'terroirs&nbsp;;'),
(2516, 'p&eacute;riode'),
(2517, 'm&ucirc;rissement'),
(2518, 'pr&eacute;coces'),
(2519, 'd&rsquo;automne'),
(2520, 'garde'),
(2521, 'qualit&eacute;s'),
(2522, 'intrins&egrave;ques'),
(2523, 'rusticit&eacute;'),
(2524, 'conservation'),
(2525, '&nbsp;etc'),
(2526, 'camille'),
(2527, 'pissarro'),
(2528, 'r&eacute;colte'),
(2529, '&eacute;ragny'),
(2530, 'consommons'),
(2531, 'descendante'),
(2532, 'consomm&eacute;e'),
(2533, 'n&eacute;olithique'),
(2534, 'plateaux'),
(2535, 'r&eacute;gion'),
(2536, 'montagnes'),
(2537, 'tian'),
(2538, 'shan'),
(2539, 'almaty'),
(2540, 'kazakhstan'),
(2541, 'revendique'),
(2542, '3&nbsp;000&nbsp;ans'),
(2543, 'chinois'),
(2544, 'arriva'),
(2545, 'route'),
(2546, 'soie'),
(2547, 'arabes'),
(2548, 'grecs'),
(2549, 'romains'),
(2550, 'pline'),
(2551, 'r&eacute;pertoriera'),
(2552, 'tard'),
(2553, 'existerait'),
(2554, '20&nbsp;000&nbsp;vari&eacute;t&eacute;s'),
(2555, '7&nbsp;000'),
(2556, 'travers'),
(2557, 'moyen'),
(2558, '&acirc;ge'),
(2559, 'monast&egrave;res'),
(2560, 'couvents'),
(2561, 'r&ocirc;le'),
(2562, 'jadis'),
(2563, 'utilisait'),
(2564, 'vertus'),
(2565, 'th&eacute;rapeutiques'),
(2566, 'entrait'),
(2567, 'confection'),
(2568, 'onguents'),
(2569, '&laquo;&nbsp;pommade&nbsp;&raquo;'),
(2570, 'vient-il'),
(2571, 'r&eacute;publicain'),
(2572, 'octobre'),
(2573, 'brumaire'),
(2574, 'pr&eacute;nom'),
(2575, 'r&eacute;volutionnaire'),
(2576, 'r&eacute;volution'),
(2577, 'utilis&eacute;'),
(2578, 'jusqu&rsquo;en'),
(2579, '1979'),
(2580, 'donn&eacute;'),
(2581, 'filles'),
(2582, 'attribu&eacute;'),
(2583, 'f&ecirc;te'),
(2584, '1er&nbsp;brumaire'),
(2585, 'verger'),
(2586, 'appelle'),
(2587, '&laquo;&nbsp;pommeraie&nbsp;&raquo;'),
(2588, '&nbsp;'),
(2589, 'juillet'),
(2590, '2015'),
(2591, 'rappel'),
(2592, '2014'),
(2593, '2013'),
(2594, '2012'),
(2595, 'totalit&eacute;'),
(2596, 'en&nbsp;'),
(2597, 'ariane'),
(2598, '21&nbsp;000'),
(2599, '23&nbsp;000'),
(2600, '24&nbsp;000'),
(2601, '18&nbsp;000'),
(2602, 'belchard'),
(2603, '51&nbsp;000'),
(2604, '48&nbsp;000'),
(2605, '52&nbsp;000'),
(2606, '37&nbsp;000'),
(2607, 'boskoop'),
(2608, '15&nbsp;000'),
(2609, '10&nbsp;000'),
(2610, '4&nbsp;000'),
(2611, '83&nbsp;000'),
(2612, '73&nbsp;000'),
(2613, '94&nbsp;000'),
(2614, '61&nbsp;000'),
(2615, 'cam&eacute;o'),
(2616, '2&nbsp;000'),
(2617, 'reinette'),
(2618, '45&nbsp;000'),
(2619, '43&nbsp;000'),
(2620, '46&nbsp;000'),
(2621, 'choupette'),
(2622, '3&nbsp;000'),
(2623, 'elstar'),
(2624, '26&nbsp;000'),
(2625, '22&nbsp;000'),
(2626, '14&nbsp;000'),
(2627, 'fuji'),
(2628, '64&nbsp;000'),
(2629, '65&nbsp;000'),
(2630, '44&nbsp;000'),
(2631, '296&nbsp;000'),
(2632, '263&nbsp;000'),
(2633, '270&nbsp;000'),
(2634, '226&nbsp;000'),
(2635, '462&nbsp;000'),
(2636, '441&nbsp;000'),
(2637, '507&nbsp;000'),
(2638, '336&nbsp;000'),
(2639, 'goldrush'),
(2640, 'delisdor'),
(2641, '6&nbsp;000'),
(2642, '147&nbsp;000'),
(2643, '139&nbsp;000'),
(2644, '169&nbsp;000'),
(2645, 'honey'),
(2646, 'crunch'),
(2647, '16&nbsp;000'),
(2648, '13&nbsp;000'),
(2649, 'idared'),
(2650, '8&nbsp;000'),
(2651, 'jazz'),
(2652, '17&nbsp;000'),
(2653, '12&nbsp;000'),
(2654, 'jonagold'),
(2655, '38&nbsp;000'),
(2656, '25&nbsp;000'),
(2657, 'joya'),
(2658, 'pink'),
(2659, 'lady'),
(2660, '136&nbsp;000'),
(2661, '129&nbsp;000'),
(2662, '102&nbsp;000'),
(2663, '78&nbsp;000'),
(2664, 'reine'),
(2665, 'reinettes'),
(2666, '11&nbsp;000'),
(2667, '50&nbsp;000'),
(2668, '49&nbsp;000'),
(2669, '59&nbsp;000'),
(2670, '47&nbsp;000'),
(2671, 'rubinette'),
(2672, '5&nbsp;000'),
(2673, '68&nbsp;000'),
(2674, 'total'),
(2675, '1&nbsp;594&nbsp;000'),
(2676, '1&nbsp;444&nbsp;000'),
(2677, '1&nbsp;576&nbsp;000'),
(2678, '1&nbsp;169&nbsp;000'),
(2679, 'constate'),
(2680, 'reste'),
(2681, '29&nbsp;'),
(2682, 'seconde'),
(2683, '5&nbsp;'),
(2684, '9&nbsp;'),
(2685, 'observer'),
(2686, '805&nbsp;000&nbsp;tonnes'),
(2687, '1&nbsp;594&nbsp;000&nbsp;tonnes'),
(2688, 'seules'),
(2689, '50&nbsp;'),
(2690, 'totale'),
(2691, 'consomm&eacute;'),
(2692, 'agrumes'),
(2693, 'banane'),
(2694, 'millions'),
(2695, 'annuellement'),
(2696, 'multipli&eacute;'),
(2697, 'milieu'),
(2698, 'temp&eacute;r&eacute;'),
(2699, 'fao'),
(2700, 'principaux'),
(2701, 'producteurs'),
(2702, 'million'),
(2703, '683'),
(2704, '1&nbsp;'),
(2705, '&eacute;tats-unis'),
(2706, '082'),
(2707, 'turquie'),
(2708, '128'),
(2709, 'pologne'),
(2710, '085'),
(2711, '8&nbsp;'),
(2712, 'italie'),
(2713, '217'),
(2714, '7&nbsp;'),
(2715, '915'),
(2716, '4&nbsp;'),
(2717, '737'),
(2718, 'chili'),
(2719, '710'),
(2720, 'iran'),
(2721, '693'),
(2722, 'russie'),
(2723, '572'),
(2724, 'argentine'),
(2725, '245'),
(2726, 'br&eacute;sil'),
(2727, '231'),
(2728, 'ukraine'),
(2729, '211'),
(2730, 'ouzb&eacute;kistan'),
(2731, '937'),
(2732, '2&nbsp;'),
(2733, 'mexique'),
(2734, '859'),
(2735, '223'),
(2736, '2005'),
(2737, 'pourcentage'),
(2738, 'mw-parser-output'),
(2739, 'legende-bloc-centre'),
(2740, 'table;margin'),
(2741, 'auto;text-align'),
(2742, 'legende-bloc'),
(2743, 'legende-bloc-vertical'),
(2744, 'list-style'),
(2745, 'none;margin'),
(2746, '5em'),
(2747, '0em'),
(2748, '10&nbsp;'),
(2749, '&laquo;&nbsp;les'),
(2750, 'importateurs'),
(2751, '2015&nbsp;'),
(2752, 'import'),
(2753, '&eacute;volution'),
(2754, '2014-2015'),
(2755, '1er'),
(2756, '811&nbsp;000&nbsp;t'),
(2757, '-35&nbsp;'),
(2758, 'allemagne'),
(2759, '548&nbsp;800&nbsp;t'),
(2760, '-27&nbsp;'),
(2761, 'royaume-uni'),
(2762, '418&nbsp;900&nbsp;t'),
(2763, '-7&nbsp;'),
(2764, 'lituanie'),
(2765, '377&nbsp;600&nbsp;t'),
(2766, '412&nbsp;'),
(2767, '314&nbsp;100&nbsp;t'),
(2768, '39&nbsp;'),
(2769, '183&nbsp;100&nbsp;t'),
(2770, '-1&nbsp;'),
(2771, 'l&rsquo;embargo'),
(2772, 'russe'),
(2773, 'frais'),
(2774, 'provenance'),
(2775, 'l&rsquo;ue'),
(2776, 'loin'),
(2777, 'importateur'),
(2778, 'fra&icirc;ches'),
(2779, '811'),
(2780, 'raison'),
(2781, 'situation'),
(2782, 'provenances'),
(2783, 'importations'),
(2784, 'russes'),
(2785, '&eacute;volu&eacute;&nbsp;'),
(2786, 'bi&eacute;lorussie'),
(2787, 'repr&eacute;sente'),
(2788, '42&nbsp;'),
(2789, 'import&eacute;s'),
(2790, 'office'),
(2791, 'vente'),
(2792, 'serbie'),
(2793, '18&nbsp;'),
(2794, '11&nbsp;'),
(2795, 'l&rsquo;azerba&iuml;djan'),
(2796, '6&nbsp;'),
(2797, 'pr&eacute;c&eacute;dente'),
(2798, 'campagne'),
(2799, '43&nbsp;'),
(2800, 'fraiches'),
(2801, 'provenaient'),
(2802, 'exportateurs'),
(2803, '2014-2015&nbsp;'),
(2804, 'export'),
(2805, '1&nbsp;118&nbsp;600&nbsp;t'),
(2806, '28&nbsp;'),
(2807, '1&nbsp;041&nbsp;400&nbsp;t'),
(2808, '23&nbsp;'),
(2809, '889&nbsp;900&nbsp;t'),
(2810, '-20&nbsp;'),
(2811, '763&nbsp;800&nbsp;t'),
(2812, '-17&nbsp;'),
(2813, '677&nbsp;000&nbsp;t'),
(2814, '-18&nbsp;'),
(2815, '606&nbsp;200&nbsp;t'),
(2816, '-15&nbsp;'),
(2817, '2014-15'),
(2818, 'nette'),
(2819, 'progression'),
(2820, 'export&eacute;s'),
(2821, '2013-14'),
(2822, 'l&rsquo;italie'),
(2823, 'dominent'),
(2824, 'exportations'),
(2825, 'mondiales'),
(2826, 'respectivement'),
(2827, 'passent'),
(2828, 'leaders'),
(2829, 'pr&eacute;c&eacute;dentes'),
(2830, 'b&eacute;n&eacute;ficier'),
(2831, 'forte'),
(2832, 'remont&eacute;e'),
(2833, '31&nbsp;'),
(2834, 'diminuer'),
(2835, 'placer'),
(2836, '6e&nbsp;rang'),
(2837, 'march&eacute;s&nbsp;'),
(2838, 'moyen-orient'),
(2839, 'aiment'),
(2840, 'suite'),
(2841, 'embargo'),
(2842, 'europ&eacute;en'),
(2843, 'vend'),
(2844, 'viennent'),
(2845, 'concurrencer'),
(2846, 'attractif'),
(2847, '73&nbsp;'),
(2848, 'provient'),
(2849, 'vari&eacute;t&eacute;s&nbsp;'),
(2850, 'mcintosh'),
(2851, 'red'),
(2852, 'spartan'),
(2853, 'empire'),
(2854, '1990'),
(2855, 'pomiculteurs'),
(2856, 'canadiens'),
(2857, 'plant&eacute;'),
(2858, 'honeycrisp'),
(2859, 'cortland'),
(2860, 'exportateur'),
(2861, '&eacute;quivalent'),
(2862, '438'),
(2863, 'euros'),
(2864, 'export&eacute;es'),
(2865, '56&nbsp;'),
(2866, 'date'),
(2867, 'd&eacute;cid&eacute;'),
(2868, 'donbass'),
(2869, 'mondial'),
(2870, 'achet&eacute;e'),
(2871, 'union'),
(2872, 'europ&eacute;enne'),
(2873, 'exp&eacute;diant'),
(2874, '750&nbsp;000&nbsp;tonnes'),
(2875, 'limitrophes'),
(2876, '40&nbsp;'),
(2877, '15&nbsp;'),
(2878, 'r&eacute;pandues'),
(2879, 'fermet&eacute;'),
(2880, 'saveur'),
(2881, 'variables'),
(2882, '2009'),
(2883, 'alpes'),
(2884, 'durance&nbsp;&raquo;'),
(2885, 'indication'),
(2886, 'prot&eacute;g&eacute;e'),
(2887, 'pr&eacute;sentant'),
(2888, 'quintaux'),
(2889, 'hectare'),
(2890, 'r&eacute;gions'),
(2891, 'terrestre'),
(2892, 'manger'),
(2893, 'crue'),
(2894, 'cuite'),
(2895, 'dessert'),
(2896, 'accompagnement'),
(2897, 'mets'),
(2898, 'sal&eacute;s'),
(2899, 'compote'),
(2900, 'tarte'),
(2901, 'g&acirc;teau'),
(2902, 'gel&eacute;e'),
(2903, 'confiture'),
(2904, 'p&acirc;te'),
(2905, 'sorbet&nbsp;;'),
(2906, 'jus'),
(2907, 'consommable'),
(2908, 'pasteuris&eacute;'),
(2909, 'ferment&eacute;'),
(2910, 'adapt&eacute;'),
(2911, 'parle'),
(2912, 'table&nbsp;&raquo;'),
(2913, 'dessert&nbsp;&raquo;'),
(2914, 'couteau&nbsp;&raquo;'),
(2915, 'cuire&nbsp;&raquo;'),
(2916, 'cidre&nbsp;&raquo;'),
(2917, 'consommation&nbsp;&raquo;'),
(2918, 'destin&eacute;s'),
(2919, 'consommateur&nbsp;;'),
(2920, 'fili&egrave;re'),
(2921, 'transformation'),
(2922, 'agro-alimentaire'),
(2923, '3&nbsp;'),
(2924, 'calibr&eacute;es'),
(2925, 'suit&nbsp;'),
(2926, 'calibre'),
(2927, '75-108'),
(2928, '108-142'),
(2929, '142-176'),
(2930, '176-209'),
(2931, '209-243'),
(2932, '243-276'),
(2933, 'etalage'),
(2934, 'rungis'),
(2935, 'port-royal'),
(2936, 'champs'),
(2937, '&laquo;&nbsp;bon'),
(2938, 'chr&eacute;tien&nbsp;&raquo;'),
(2939, 'schaffelder'),
(2940, 'polierapfel'),
(2941, 'striefenapfel'),
(2942, 'principales'),
(2943, 'sont&nbsp;'),
(2944, 'api&nbsp;'),
(2945, 'aplatie'),
(2946, 'saveurs'),
(2947, 'ariane&nbsp;'),
(2948, 'croquante'),
(2949, 'juteuse'),
(2950, 'acide'),
(2951, 'sucr&eacute;e'),
(2952, 'calibre&nbsp;;'),
(2953, 'croquer'),
(2954, 'cuisiner'),
(2955, 'juin'),
(2956, 'golden&nbsp;'),
(2957, 'douce'),
(2958, 'parfum&eacute;e'),
(2959, 'croquante&nbsp;;'),
(2960, 'd&rsquo;ao&ucirc;t'),
(2961, 'gala&nbsp;'),
(2962, 'ar&ocirc;me'),
(2963, 'fruit&eacute;'),
(2964, 'rafra&icirc;chissante'),
(2965, 'sucr&eacute;e&nbsp;;'),
(2966, 'f&eacute;vrier'),
(2967, 'reinettes&nbsp;'),
(2968, 'acidul&eacute;e'),
(2969, 'miel&nbsp;;'),
(2970, 'braeburn&nbsp;'),
(2971, 'juteuse&nbsp;;'),
(2972, 'avril'),
(2973, 'jonagold&nbsp;'),
(2974, 'fruit&eacute;&nbsp;;'),
(2975, 'd&rsquo;octobre'),
(2976, 'lady&nbsp;'),
(2977, 'elstar&nbsp;'),
(2978, 'parfum&eacute;e&nbsp;;'),
(2979, 'mars'),
(2980, 'tentation&nbsp;'),
(2981, 'd&eacute;cembre'),
(2982, 'fuji&nbsp;'),
(2983, 'idared&nbsp;'),
(2984, 'delicious&nbsp;'),
(2985, 'd&eacute;licatement'),
(2986, 'grise'),
(2987, 'canada&nbsp;'),
(2988, 'terroir&nbsp;;'),
(2989, 'four'),
(2990, 'chantecler&nbsp;'),
(2991, 'belle'),
(2992, 'boskoop&nbsp;'),
(2993, 'smith&nbsp;'),
(2994, 'ferme'),
(2995, '&hellip;'),
(2996, 'pel&eacute;e'),
(2997, 'nutritionnelle'),
(2998, 'moyenne'),
(2999, 'apport'),
(3000, '&eacute;nerg&eacute;tique'),
(3001, 'joules'),
(3002, '218'),
(3003, 'calories'),
(3004, 'kcal'),
(3005, 'composants'),
(3006, 'glucides'),
(3007, 'amidon'),
(3008, 'sucres'),
(3009, 'fibres'),
(3010, 'alimentaires'),
(3011, 'prot&eacute;ines'),
(3012, 'lipides'),
(3013, 'eau'),
(3014, 'oligo-&eacute;l&eacute;ments'),
(3015, 'vitamine'),
(3016, 'acides'),
(3017, 'amin&eacute;s'),
(3018, 'gras'),
(3019, 'source&nbsp;'),
(3020, 'ndb'),
(3021, 'nal'),
(3022, 'usda'),
(3023, 'gov'),
(3024, 'foods'),
(3025, 'show'),
(3026, '09003&nbsp;'),
(3027, '52&nbsp;kilocalories'),
(3028, '100&nbsp;g'),
(3029, 'graisses'),
(3030, 'fructose'),
(3031, 'assimilables'),
(3032, 'lentement'),
(3033, 'organisme'),
(3034, 'profil'),
(3035, 'nutritionnel'),
(3036, 'sportifs'),
(3037, 'activit&eacute;s'),
(3038, 'physiques'),
(3039, 'composantes'),
(3040, 'agissent'),
(3041, 'b&eacute;n&eacute;fique'),
(3042, 'effort'),
(3043, 'pourvue'),
(3044, '10&nbsp;mg'),
(3045, '&eacute;tager'),
(3046, '30&nbsp;mg'),
(3047, 'vari&eacute;t&eacute;&nbsp;'),
(3048, 'renferme'),
(3049, 'vaut'),
(3050, 'peler'),
(3051, 'simplement'),
(3052, 'pris'),
(3053, 'soin'),
(3054, 'laver'),
(3055, 'ribston'),
(3056, 'pipping'),
(3057, 'orl&eacute;ans'),
(3058, 'ananas'),
(3059, 'ontario'),
(3060, 'fortement'),
(3061, 'pourvues'),
(3062, 'renferment'),
(3063, '6&nbsp;mg'),
(3064, 'contenues'),
(3065, 'provitamine'),
(3066, '&beta;-carot&egrave;ne'),
(3067, '07&nbsp;mg'),
(3068, '5&nbsp;mg'),
(3069, 'contribuent'),
(3070, 'v&eacute;ritable'),
(3071, 'ab&eacute;c&eacute;daire'),
(3072, 'stockage'),
(3073, 'dur&eacute;e'),
(3074, 'entra&icirc;ne'),
(3075, 'baisse'),
(3076, 'taux'),
(3077, 'provoque'),
(3078, 'vitaminique'),
(3079, 'partielle'),
(3080, 'ordre'),
(3081, '30&nbsp;'),
(3082, 'contient'),
(3083, 'pectine'),
(3084, 'gel'),
(3085, 'emprisonne'),
(3086, 'r&eacute;gulant'),
(3087, 'cholest&eacute;rol'),
(3088, 'universit&eacute;'),
(3089, 'cornell'),
(3090, '&eacute;'),
(3091, '&eacute;tude'),
(3092, 'parue'),
(3093, 'revue'),
(3094, '&eacute;vidence'),
(3095, 'potentiel'),
(3096, 'antioxydant'),
(3097, '100&nbsp;grammes'),
(3098, 'serait'),
(3099, '500&nbsp;mg'),
(3100, 'compos&eacute;s'),
(3101, 'antioxydants'),
(3102, 'combin&eacute;s'),
(3103, 'querc&eacute;tine'),
(3104, 'cat&eacute;chine'),
(3105, '&eacute;picat&eacute;chine'),
(3106, 'procyanidines'),
(3107, 'flavono&iuml;des'),
(3108, 'polyph&eacute;nols'),
(3109, '&laquo;&nbsp;tannins&nbsp;&raquo;'),
(3110, 'ajout&eacute;s'),
(3111, 'bienfaits'),
(3112, 'r&eacute;duisent'),
(3113, 'mani&egrave;re'),
(3114, 'significative'),
(3115, 'croissance'),
(3116, 'types'),
(3117, 'canc&eacute;reuses&nbsp;'),
(3118, 'foie'),
(3119, 'c&ocirc;lon'),
(3120, 'phytochimiques'),
(3121, 'exercent'),
(3122, 'vis-&agrave;-vis'),
(3123, 'radicaux'),
(3124, 'libres'),
(3125, 'processus'),
(3126, 'n&eacute;faste'),
(3127, 'impliqu&eacute;'),
(3128, 'gen&egrave;se'),
(3129, 'cancers'),
(3130, 'm&ucirc;res'),
(3131, '2&ndash;m&eacute;thylbutanoate'),
(3132, 'd&rsquo;&eacute;thyle'),
(3133, 'c7h14o2'),
(3134, 'ester'),
(3135, 'l&rsquo;acide'),
(3136, '2-m&eacute;thylbutano&iuml;que'),
(3137, 'l&rsquo;alcool'),
(3138, '&eacute;thylique'),
(3139, 'configuration'),
(3140, 'atomes'),
(3141, 'l&rsquo;ac&eacute;tate'),
(3142, 'd&rsquo;isoamyle'),
(3143, 'esters'),
(3144, 'd&eacute;gradation'),
(3145, 'cha&icirc;ne'),
(3146, 'membranes'),
(3147, 'cellulaires'),
(3148, 'oxyd&eacute;es'),
(3149, 'protopectine'),
(3150, 'laquelle&nbsp;'),
(3151, 'nutritive'),
(3152, 'eau&nbsp;'),
(3153, '56&nbsp;g'),
(3154, 'cendres'),
(3155, 'totales&nbsp;'),
(3156, '19&nbsp;g'),
(3157, 'fibres&nbsp;'),
(3158, '4&nbsp;g'),
(3159, '&eacute;nerg&eacute;tique&nbsp;'),
(3160, '52&nbsp;kcal'),
(3161, 'prot&eacute;ines&nbsp;'),
(3162, '26&nbsp;g'),
(3163, 'lipides&nbsp;'),
(3164, '17&nbsp;g'),
(3165, 'glucides&nbsp;'),
(3166, '81&nbsp;g'),
(3167, 'simples&nbsp;'),
(3168, '39&nbsp;g'),
(3169, 'calcium&nbsp;'),
(3170, 'fer&nbsp;'),
(3171, '12&nbsp;mg'),
(3172, 'magn&eacute;sium&nbsp;'),
(3173, 'phosphore&nbsp;'),
(3174, '11&nbsp;mg'),
(3175, 'potassium&nbsp;'),
(3176, '107&nbsp;mg'),
(3177, 'cuivre&nbsp;'),
(3178, '027&nbsp;mg'),
(3179, 'sodium&nbsp;'),
(3180, '1&nbsp;mg'),
(3181, 'zinc&nbsp;'),
(3182, '04&nbsp;mg'),
(3183, 'c&nbsp;'),
(3184, 'b1&nbsp;'),
(3185, '017&nbsp;mg'),
(3186, 'b2&nbsp;'),
(3187, '026&nbsp;mg'),
(3188, 'b3&nbsp;'),
(3189, '091&nbsp;mg'),
(3190, 'b5&nbsp;'),
(3191, '061&nbsp;mg'),
(3192, 'b6&nbsp;'),
(3193, '041&nbsp;mg'),
(3194, 'b9&nbsp;'),
(3195, '0&nbsp;&micro;g'),
(3196, 'b12&nbsp;'),
(3197, '00&nbsp;&micro;g'),
(3198, 'a&nbsp;'),
(3199, 'r&eacute;tinol&nbsp;'),
(3200, 'e&nbsp;'),
(3201, '18&nbsp;&micro;g'),
(3202, 'k&nbsp;'),
(3203, '2&nbsp;&micro;g'),
(3204, 'satur&eacute;s&nbsp;'),
(3205, '028&nbsp;g'),
(3206, 'mono-insatur&eacute;s&nbsp;'),
(3207, '007&nbsp;g'),
(3208, 'poly-insatur&eacute;s&nbsp;'),
(3209, '051&nbsp;g'),
(3210, 'cholest&eacute;rol&nbsp;'),
(3211, '0&nbsp;mg'),
(3212, 'rappelons'),
(3213, 'chiffres'),
(3214, 'varier'),
(3215, 'cultivar'),
(3216, 'pepping'),
(3217, 'contenir'),
(3218, 'contiendra'),
(3219, '4&nbsp;mg'),
(3220, 'prot&egrave;gent'),
(3221, 'virus'),
(3222, 'moisissures'),
(3223, 'mangeant'),
(3224, 'humain'),
(3225, 'profit'),
(3226, 'biomol&eacute;cules'),
(3227, 'av&egrave;re'),
(3228, 'efficace'),
(3229, 'cerveau'),
(3230, 'rats'),
(3231, 'transpose'),
(3232, '&ecirc;tres'),
(3233, 'humains'),
(3234, 'obtenus'),
(3235, 'laboratoire&nbsp;'),
(3236, 'quotidienne'),
(3237, 'r&eacute;duirait'),
(3238, 'maladie'),
(3239, 'alzheimer'),
(3240, 'parkinson'),
(3241, 'publi&eacute;e'),
(3242, 'thorax'),
(3243, 'sugg&egrave;re'),
(3244, 'm&egrave;res'),
(3245, 'mangent'),
(3246, 'r&eacute;guli&egrave;rement'),
(3247, 'qu&rsquo;elles'),
(3248, 'enceintes'),
(3249, 'risques'),
(3250, 'mettre'),
(3251, 'enfant'),
(3252, 'asthmatique'),
(3253, 'l&rsquo;int&eacute;r&ecirc;t'),
(3254, 'r&eacute;guli&egrave;re'),
(3255, 'pr&eacute;vention'),
(3256, 'cancer'),
(3257, 'action'),
(3258, 'vieux'),
(3259, 'dicton'),
(3260, 'am&eacute;ricain'),
(3261, 'sources'),
(3262, '&laquo;&nbsp;an'),
(3263, 'apple'),
(3264, 'day'),
(3265, 'keeps'),
(3266, 'doctor'),
(3267, 'away&nbsp;&raquo;'),
(3268, 'matin'),
(3269, '&eacute;loigne'),
(3270, 'm&eacute;decin&nbsp;&raquo;'),
(3271, 'tient'),
(3272, 'docteur'),
(3273, 'loin&nbsp;&raquo;'),
(3274, 'viser'),
(3275, 'rappeler'),
(3276, 'humour'),
(3277, 'amygdaline'),
(3278, 'glycosides'),
(3279, 'cyanog&egrave;nes'),
(3280, 'aval&eacute;es'),
(3281, 'm&acirc;ch&eacute;es'),
(3282, 'enti&egrave;res'),
(3283, 'quantit&eacute;s'),
(3284, 'inoffensives'),
(3285, 'empoisonnement'),
(3286, 'cyanure'),
(3287, 'report&eacute;'),
(3288, 'adulte'),
(3289, 'm&acirc;ch&eacute;'),
(3290, 'aval&eacute;'),
(3291, 'tasse'),
(3292, 'extraites'),
(3293, 'kilos'),
(3294, 'heures'),
(3295, 'poison'),
(3296, 'fasse'),
(3297, 'hydrolys&eacute;s'),
(3298, 'ion'),
(3299, 'lib&eacute;r&eacute;'),
(3300, 'ait'),
(3301, 'effets'),
(3302, 'positifs'),
(3303, 'acidit&eacute;'),
(3304, 'pr&eacute;sente'),
(3305, 'attaquant'),
(3306, 'dentine'),
(3307, '&eacute;mail'),
(3308, 'dentaire'),
(3309, 'cuill&egrave;res'),
(3310, 'caf&eacute;'),
(3311, 'sucre'),
(3312, 'mastication'),
(3313, 'contribue'),
(3314, '&eacute;lever'),
(3315, 'bouche'),
(3316, 'marqu&eacute;'),
(3317, 'mang&eacute;e'),
(3318, 'rincer'),
(3319, 'boire'),
(3320, 'mang&eacute;'),
(3321, 'n&eacute;gatifs'),
(3322, 'l&eacute;gumes'),
(3323, 'issus'),
(3324, 'agriculture'),
(3325, 'conventionnelle'),
(3326, 'intensive'),
(3327, 'r&eacute;sidus'),
(3328, 'pesticides'),
(3329, 'm&eacute;thodes'),
(3330, 'protections'),
(3331, 'naturelles'),
(3332, 'r&eacute;duites'),
(3333, 'phytosanitaires'),
(3334, 'min&eacute;rales'),
(3335, 'organiques'),
(3336, 'effectu&eacute;es'),
(3337, 'mol&eacute;cules'),
(3338, 'utilis&eacute;s'),
(3339, 'post-r&eacute;colte'),
(3340, '1-m&eacute;thylcycloprop&egrave;ne'),
(3341, 'inhibiteur'),
(3342, 'appliqu&eacute;'),
(3343, 'chambre'),
(3344, 'froide'),
(3345, 'affect&eacute;e'),
(3346, 'raisin'),
(3347, 'fraise'),
(3348, 'l&eacute;gislation'),
(3349, 'impose'),
(3350, 'exemple'),
(3351, 'd&eacute;lai'),
(3352, 'rigueur'),
(3353, 'traitement'),
(3354, 'favoriser'),
(3355, '&eacute;ventuelle'),
(3356, 'recommand&eacute;'),
(3357, 're&ccedil;u'),
(3358, 'synth&egrave;se&nbsp;;'),
(3359, '&eacute;piderme'),
(3360, 'unique'),
(3361, 'r&eacute;servoir'),
(3362, 'pr&eacute;cieux'),
(3363, 'flavonols'),
(3364, 'anthocyanes'),
(3365, 'cuites'),
(3366, 'id&eacute;al'),
(3367, 'di&eacute;t&eacute;tique'),
(3368, 'viandes'),
(3369, 'blanches'),
(3370, 'boudins'),
(3371, 'amour'),
(3372, '&eacute;tal'),
(3373, 'tartes'),
(3374, 'g&acirc;teaux'),
(3375, 'desserts&nbsp;'),
(3376, 'pommes&nbsp;;'),
(3377, 'pruneaux&nbsp;;'),
(3378, 'strudel'),
(3379, 'beurre'),
(3380, 'sirop'),
(3381, 'grenadine'),
(3382, 'tatin&nbsp;;'),
(3383, 'beignets'),
(3384, 'pomm&eacute;'),
(3385, 'cidre&nbsp;;'),
(3386, 'chips'),
(3387, 'pomme&nbsp;;'),
(3388, 'crumble'),
(3389, 'croustade'),
(3390, 'li&egrave;ge'),
(3391, 'm&eacute;lasse&nbsp;;'),
(3392, 'chausson'),
(3393, 'utilis&eacute;e'),
(3394, 'gibier'),
(3395, 'exemple&nbsp;'),
(3396, 'estouffade'),
(3397, 'sanglier'),
(3398, 'poivre'),
(3399, 'kappad'),
(3400, 'pasteuris&eacute;&nbsp;;'),
(3401, 'productrices'),
(3402, 'normandie'),
(3403, 'bretagne'),
(3404, 'loire&nbsp;;'),
(3405, 'calvados'),
(3406, 'eau-de-vie'),
(3407, 'obtenue'),
(3408, 'distillation'),
(3409, 'alambic&nbsp;;'),
(3410, 'glace'),
(3411, 'fermentation'),
(3412, 'alcoolique'),
(3413, 'froid'),
(3414, 'naturel'),
(3415, 'pommeau'),
(3416, 'normandie&nbsp;'),
(3417, 'ap&eacute;ritif'),
(3418, 'calvados&nbsp;;'),
(3419, 'lambig'),
(3420, 'fabriqu&eacute;e'),
(3421, 'bretagne&nbsp;;'),
(3422, 'vinaigre'),
(3423, 'japon&nbsp;;'),
(3424, 'manzana'),
(3425, 'liqueur'),
(3426, 'verte'),
(3427, 'basque'),
(3428, 'espagnol&nbsp;;'),
(3429, '&laquo;&nbsp;vin'),
(3430, 'cuit&nbsp;&raquo;'),
(3431, 'liquide'),
(3432, 'visqueux'),
(3433, 'brun'),
(3434, '&eacute;labor&eacute;'),
(3435, 'desserts'),
(3436, 'suisse'),
(3437, 'romande'),
(3438, '&laquo;&nbsp;raisin&eacute;e&nbsp;&raquo;'),
(3439, 'canton'),
(3440, 'vaud'),
(3441, 'adam'),
(3442, '&egrave;ve'),
(3443, 'albrecht'),
(3444, 'd&uuml;rer'),
(3445, 'mus&eacute;e'),
(3446, 'prado'),
(3447, 'p&eacute;ch&eacute;'),
(3448, 'originel'),
(3449, 'bible'),
(3450, 'croqu&eacute;'),
(3451, 'd&eacute;fendu'),
(3452, 'identifi&eacute;'),
(3453, 'christianisme'),
(3454, 'juda&iuml;sme'),
(3455, '&eacute;voque'),
(3456, 'figue'),
(3457, 'furent'),
(3458, 'chass&eacute;s'),
(3459, 'paradis'),
(3460, 'symboliser'),
(3461, 'li&eacute;'),
(3462, 'mal'),
(3463, 'populaire'),
(3464, 'acte'),
(3465, 'sexuel'),
(3466, '&laquo;&nbsp;croquer'),
(3467, 'pomme&nbsp;&raquo;'),
(3468, 'connaissance'),
(3469, 'interdite'),
(3470, 'atalante'),
(3471, 'hippom&egrave;ne'),
(3472, 'guido'),
(3473, 'reni'),
(3474, 'capodimonte'),
(3475, 'mythologie'),
(3476, 'gr&eacute;co-romaine'),
(3477, 'consid&eacute;r&eacute;e'),
(3478, 'cadeau'),
(3479, 'amoureux'),
(3480, 'titre'),
(3481, 'rose'),
(3482, 'exemple&nbsp;;'),
(3483, 'occurrences'),
(3484, 'po&eacute;sie'),
(3485, '&eacute;rotique'),
(3486, 'th&eacute;ocrite'),
(3487, 'dionysos'),
(3488, 'l&rsquo;aurait'),
(3489, 'cr&eacute;&eacute;e'),
(3490, 'l&rsquo;offrir'),
(3491, 'aphrodite'),
(3492, 'ma&icirc;tresse'),
(3493, 'devint'),
(3494, 'symbole'),
(3495, '&eacute;rotes'),
(3496, 'compagnons'),
(3497, 'associ&eacute;s'),
(3498, 'appara&icirc;t'),
(3499, 'reprises'),
(3500, 'dans&nbsp;'),
(3501, 'course'),
(3502, 'hippom&egrave;ne&nbsp;'),
(3503, 'laissa'),
(3504, 'choir'),
(3505, 'permirent'),
(3506, 'battre'),
(3507, 'rivale&nbsp;;'),
(3508, 'cueillette'),
(3509, 'jardin'),
(3510, 'hesp&eacute;rides'),
(3511, 'h&eacute;racl&egrave;s&nbsp;;'),
(3512, 'discorde&nbsp;&raquo;'),
(3513, 'lanc&eacute;e'),
(3514, '&eacute;ris'),
(3515, 'entra&icirc;na'),
(3516, 'indirectement'),
(3517, 'troie'),
(3518, 'jugement'),
(3519, 'p&acirc;ris'),
(3520, '&eacute;v&eacute;nement'),
(3521, 'funeste'),
(3522, 'd&eacute;part'),
(3523, '&eacute;n&eacute;e'),
(3524, 'rome'),
(3525, 'idunn'),
(3526, 'james'),
(3527, 'doyle'),
(3528, 'penrose'),
(3529, 'gardienne'),
(3530, 'jouvence'),
(3531, 'conf&egrave;rent'),
(3532, 'immortalit&eacute;'),
(3533, 'dieux'),
(3534, 'mythe'),
(3535, 'raconte'),
(3536, 'g&eacute;ant'),
(3537, 'thjazi'),
(3538, 'm&eacute;tamorphosa'),
(3539, 'aigle'),
(3540, 'd&eacute;roba'),
(3541, 'contraignant'),
(3542, 'vieillissants'),
(3543, 'r&eacute;cup&eacute;rer'),
(3544, 'abattre'),
(3545, 'oidheadh'),
(3546, 'chloinne'),
(3547, 'tuireann'),
(3548, 'fr&egrave;res'),
(3549, 'm&eacute;tamorphos&eacute;s'),
(3550, 'faucons'),
(3551, 'volent'),
(3552, 'magiques'),
(3553, 'in&eacute;puisables'),
(3554, 'gu&eacute;rir'),
(3555, 'blessures'),
(3556, 'r&eacute;f&eacute;rence'),
(3557, '&eacute;rotique&nbsp;'),
(3558, 'poitrine'),
(3559, 'f&eacute;minine'),
(3560, 'coup&eacute;'),
(3561, 'cens&eacute;'),
(3562, 'vulve'),
(3563, 'portugal'),
(3564, 'consid&eacute;r&eacute;'),
(3565, 'aphrodisiaque'),
(3566, 'faisait'),
(3567, 'd&rsquo;elle'),
(3568, 'cosmique'),
(3569, 'c&rsquo;est'),
(3570, 'empereurs'),
(3571, 'rois'),
(3572, 'repr&eacute;sent&eacute;s'),
(3573, 'sceptre'),
(3574, 'imp&eacute;rial'),
(3575, 'monnaie'),
(3576, 'couronn&eacute;'),
(3577, 'portrait'),
(3578, 'nik&eacute;'),
(3579, 'n&eacute;m&eacute;sis'),
(3580, 'bosquets'),
(3581, 'sacr&eacute;s'),
(3582, 'vengeance'),
(3583, 'fiert&eacute;'),
(3584, 'branche'),
(3585, 'garnie'),
(3586, 'offre'),
(3587, 'h&eacute;ros'),
(3588, 'corps'),
(3589, 'ltd'),
(3590, 'disques'),
(3591, 'beatles'),
(3592, 'donna'),
(3593, 'gamme'),
(3594, 'macintosh'),
(3595, 'firme'),
(3596, 'aurait'),
(3597, 'choisi'),
(3598, 'fondateurs'),
(3599, 'manque'),
(3600, 'mangeaient'),
(3601, 'int&eacute;r&ecirc;t'),
(3602, 'nourrissantes'),
(3603, 'pensent'),
(3604, 'hommage'),
(3605, 'alan'),
(3606, 'turing'),
(3607, 'isaac'),
(3608, 'newton'),
(3609, 'ailleurs'),
(3610, 'repr&eacute;sentait'),
(3611, 'dormir'),
(3612, 'expositions'),
(3613, 'gratuitement'),
(3614, 'mises'),
(3615, 'disposition'),
(3616, 'visiteurs'),
(3617, 'r&eacute;f'),
(3618, '&nbsp;n&eacute;cessaire'),
(3619, 'touche'),
(3620, 'modificatrice'),
(3621, '&eacute;quivalente'),
(3622, 'windows'),
(3623, 'remplac&eacute;e'),
(3624, 'version'),
(3625, 'signe'),
(3626, '&laquo;&nbsp;cmd&nbsp;&raquo;'),
(3627, 'syst&egrave;mes'),
(3628, 'obtient'),
(3629, 'combinaison'),
(3630, 'alt'),
(3631, 'caract&egrave;re'),
(3632, 'unicode'),
(3633, 'n&eacute;cessairement'),
(3634, 'repr&eacute;sent&eacute;'),
(3635, 'partout'),
(3636, 'blanche-neige'),
(3637, 'empoisonn&eacute;s'),
(3638, '&eacute;coliers'),
(3639, 'guillaume'),
(3640, 'tell'),
(3641, 'oblig&eacute;'),
(3642, 'bailli'),
(3643, 'hermann'),
(3644, 'gessler'),
(3645, 'carreau'),
(3646, 'arbal&egrave;te'),
(3647, 'pos&eacute;e'),
(3648, 't&ecirc;te'),
(3649, 'expression'),
(3650, 'tomber'),
(3651, 'sujette'),
(3652, 'controverse'),
(3653, 'apparue'),
(3654, '1889'),
(3655, 'pensait'),
(3656, 'venir'),
(3657, 'd&eacute;formation'),
(3658, 'p&acirc;mes'),
(3659, 'p&acirc;mer'),
(3660, 'pasmer'),
(3661, '&eacute;vanouir'),
(3662, 'explication'),
(3663, 'fut'),
(3664, 'abandonn&eacute;e'),
(3665, 'r&eacute;alit&eacute;'),
(3666, 'litt&eacute;raires'),
(3667, 'accordent'),
(3668, 'viendrait'),
(3669, 'lettre'),
(3670, 'george'),
(3671, 'sand'),
(3672, 'envoy&eacute;e'),
(3673, 'madame'),
(3674, 'dupin'),
(3675, 'stipule'),
(3676, '&laquo;&nbsp;&ecirc;tre'),
(3677, 'cuites&nbsp;&raquo;'),
(3678, 'signifier'),
(3679, 'fatigue'),
(3680, 'extr&ecirc;me'),
(3681, 'd&eacute;ception'),
(3682, 'langage'),
(3683, 'visage'),
(3684, 'rond&hellip;'),
(3685, 'pomme&nbsp;'),
(3686, 'extension'),
(3687, 'serviable'),
(3688, 'na&iuml;ve&nbsp;'),
(3689, '&laquo;&nbsp;c'),
(3690, 'qu&eacute;bec'),
(3691, '&laquo;&nbsp;chanter'),
(3692, 'conter'),
(3693, 'fleurette'),
(3694, 'gringue'),
(3695, '&laquo;&nbsp;se'),
(3696, 'sucer'),
(3697, 'embrasser'),
(3698, 'b&eacute;coter'),
(3699, 'symboles'),
(3700, 'jacques'),
(3701, 'chirac'),
(3702, '1995'),
(3703, '&eacute;lection'),
(3704, 'pr&eacute;sidence'),
(3705, '&eacute;mission'),
(3706, 'satirique'),
(3707, 'guignols'),
(3708, 'info'),
(3709, 'modifi&eacute;'),
(3710, 'slogan'),
(3711, '&laquo;&nbsp;mangez'),
(3712, 'pommes&nbsp;&raquo;&nbsp;'),
(3713, 'corr&egrave;ze'),
(3714, 'productrice'),
(3715, 'tableaux'),
(3716, 'artiste'),
(3717, 'magritte'),
(3718, 'emploie'),
(3719, 'appuyer'),
(3720, 'travail'),
(3721, 'repr&eacute;sentations'),
(3722, 'toile'),
(3723, 'nomme'),
(3724, 'ren&eacute;'),
(3725, 'bruxelles'),
(3726, 'traditionnel'),
(3727, 'l&rsquo;on'),
(3728, 'enseignants'),
(3729, 'profession'),
(3730, '&icirc;le'),
(3731, 'avalon'),
(3732, 'arthurien'),
(3733, 'r&eacute;put&eacute;e'),
(3734, 'r&eacute;veill&eacute;'),
(3735, 'attraction'),
(3736, 'universelle'),
(3737, 'semble'),
(3738, 'observant'),
(3739, 'devaient'),
(3740, 'gouvernaient'),
(3741, 'trajectoire'),
(3742, 'lune'),
(3743, 'autour'),
(3744, 'calcul'),
(3745, 'd&eacute;duire'),
(3746, 'probable'),
(3747, 'ouvrages'),
(3748, 'relativit&eacute;'),
(3749, 'g&eacute;n&eacute;rale'),
(3750, 'couverture'),
(3751, 'illustr&eacute;e'),
(3752, 'ouvrage'),
(3753, 'general'),
(3754, 'relativity'),
(3755, 'robert'),
(3756, 'wald'),
(3757, 'illustr&eacute;'),
(3758, 'tableau'),
(3759, 'intitul&eacute;'),
(3760, 'belles'),
(3761, 'r&eacute;alit&eacute;s'),
(3762, '1964'),
(3763, 'th&egrave;me'),
(3764, 'repris'),
(3765, 'humoristique'),
(3766, 'gotlib'),
(3767, 'rubrique-&agrave;-brac'),
(3768, 'envi'),
(3769, 'habits'),
(3770, 'p&eacute;lican'),
(3771, 'pomme&hellip;'),
(3772, '&eacute;lectrodes'),
(3773, 'aluminium'),
(3774, 'fabriquer'),
(3775, 'pile'),
(3776, 'alimenter'),
(3777, 'ampoule'),
(3778, 'courant'),
(3779, '&eacute;lectrique'),
(3780, '&oelig;uvre'),
(3781, 'franck'),
(3782, 'scurti'),
(3783, 'situ&eacute;e'),
(3784, 'agit'),
(3785, 'sculpture'),
(3786, 'repr&eacute;sentant'),
(3787, '2011'),
(3788, 'th&eacute;orie'),
(3789, 'philosophe'),
(3790, 'charles'),
(3791, 'fourier'),
(3792, 'roman'),
(3793, 'john'),
(3794, 'irving'),
(3795, 'dieu'),
(3796, 'diable'),
(3797, 'cider'),
(3798, 'house'),
(3799, 'rules'),
(3800, '1985'),
(3801, 'd&eacute;roule'),
(3802, 'cidrerie'),
(3803, 'worthington'),
(3804, 'ocean'),
(3805, 'view'),
(3806, 'chef'),
(3807, 'ramasseurs'),
(3808, 'r&eacute;gner'),
(3809, 'propres'),
(3810, 'r&egrave;gles'),
(3811, 'pomologique'),
(3812, 'berry'),
(3813, 'organise'),
(3814, 'week-end'),
(3815, 'journ&eacute;es'),
(3816, 'neuvy-saint-s&eacute;pulchre'),
(3817, '&eacute;comus&eacute;e'),
(3818, 'breteville-du-grand-caux'),
(3819, '&laquo;&nbsp;pommades&nbsp;&raquo;'),
(3820, 'savigny-le-temple'),
(3821, 'seine-et-marne'),
(3822, 'sainte-opportune-la-mare'),
(3823, 'eure'),
(3824, 'lanouaille'),
(3825, 'dordogne'),
(3826, 'importante'),
(3827, 'vimoutiers'),
(3828, 'auge'),
(3829, 'fromage'),
(3830, '&eacute;vreux'),
(3831, 'annuelle'),
(3832, 'secondigny'),
(3833, 'jou&eacute;-l'),
(3834, 'abb&eacute;'),
(3835, 'sarthe'),
(3836, 'village'),
(3837, 'automne'),
(3838, 'nectar'),
(3839, 'recette'),
(3840, 'consiste'),
(3841, 'r&eacute;duire'),
(3842, 'marmite'),
(3843, 'obtenir'),
(3844, 'caram&eacute;lis&eacute;e'),
(3845, '2e&nbsp;dimanche'),
(3846, 'vernet'),
(3847, '03-auvergne'),
(3848, 'organis&eacute;'),
(3849, 'conservatoire'),
(3850, 'communes'),
(3851, 'ille-et-vilaine'),
(3852, 'vall&eacute;e'),
(3853, 'couesnon'),
(3854, 'marches'),
(3855, 'bretagne&nbsp;'),
(3856, 'bazouges-la-p&eacute;rouse'),
(3857, '3e&nbsp;dimanche'),
(3858, 'tremblay'),
(3859, 'chauvign&eacute;'),
(3860, '&eacute;tats-unis&nbsp;'),
(3861, 'surnoms'),
(3862, 'ville'),
(3863, 'new'),
(3864, 'york&nbsp;;'),
(3865, 'apple&nbsp;'),
(3866, 'entreprise'),
(3867, 'technologique'),
(3868, 'am&eacute;ricaine'),
(3869, 'france&nbsp;'),
(3870, 'interpr&eacute;t&eacute;e'),
(3871, 'maurice'),
(3872, 'chevalier'),
(3873, 'jour&nbsp;;'),
(3874, 'quartier'),
(3875, '11e&nbsp;arrondissement'),
(3876, 'marseille&nbsp;;'),
(3877, 'marc-gilbert'),
(3878, 'sauvajon'),
(3879, '1950&nbsp;;'),
(3880, 'savante'),
(3881, 'litt&eacute;raire'),
(3882, 'artistique'),
(3883, '1877&nbsp;;'),
(3884, 'enfantine'),
(3885, 'iran&nbsp;'),
(3886, 'iranien'),
(3887, 'samira'),
(3888, 'makhmalbaf'),
(3889, '1998'),
(3890, 'iabloko'),
(3891, 'parti'),
(3892, 'fond&eacute;'),
(3893, '1993'),
(3894, 'iablotchko'),
(3895, '&laquo;&nbsp;petite'),
(3896, 'danse'),
(3897, 'associ&eacute;e'),
(3898, '&uarr;'),
(3899, 'professeur'),
(3900, 'stinson'),
(3901, 'pronon&ccedil;a'),
(3902, 'phrase'),
(3903, 'discours'),
(3904, 'exposition'),
(3905, '1904'),
(3906, 'missouri'),
(3907, 'state'),
(3908, 'university'),
(3909, 'library'),
(3910, 'experiment'),
(3911, 'station'),
(3912, 'archives&nbsp;'),
(3913, 'termes'),
(3914, 'gallo'),
(3915, 'ramaougerie'),
(3916, 'indiquer'),
(3917, 'fabrication'),
(3918, 'verbe'),
(3919, 'ramaouger'),
(3920, 'pr&eacute;ciser'),
(3921, 'remuer'),
(3922, 'm&eacute;lange'),
(3923, 'revenir'),
(3924, 'subst'),
(3925, 'f&eacute;m'),
(3926, '&nbsp;&raquo;&nbsp;'),
(3927, 'cnrtl'),
(3928, 'consult&eacute;'),
(3929, 'claire'),
(3930, 'k&ouml;nig'),
(3931, '&laquo;&nbsp;autour'),
(3932, 'pomme&nbsp;&raquo;&nbsp;'),
(3933, 'futura-sciences'),
(3934, '2008'),
(3935, 'frites&nbsp;&raquo;&nbsp;'),
(3936, 'atlas'),
(3937, 'zur'),
(3938, 'deutschen'),
(3939, 'alltagssprache'),
(3940, '&laquo;&nbsp;apple'),
(3941, 'etymonline'),
(3942, 'albert'),
(3943, 'dauzat'),
(3944, 'rostaing'),
(3945, '&eacute;tymologique'),
(3946, 'larousse'),
(3947, 'ernest'),
(3948, 'n&egrave;gre'),
(3949, '&nbsp;2'),
(3950, '1996'),
(3951, '676&nbsp;p'),
(3952, 'isbn&nbsp;2-600-00133-6'),
(3953, 'ligne&nbsp;'),
(3954, '&nbsp;1328'),
(3955, 'gaston'),
(3956, 'bazalgues'),
(3957, 'd&eacute;couverte'),
(3958, 'quercy&nbsp;'),
(3959, 'lotoise'),
(3960, 'gourdon'),
(3961, 'bouriane'),
(3962, 'quercy'),
(3963, '2002'),
(3964, '127&nbsp;p'),
(3965, 'isbn&nbsp;2-910540-16-2'),
(3966, '&laquo;&nbsp;origin'),
(3967, 'history'),
(3968, 'cultivation&nbsp;&raquo;&nbsp;'),
(3969, 'g&eacute;orgie'),
(3970, '&laquo;&nbsp;apple&nbsp;&raquo;&nbsp;'),
(3971, 'natural'),
(3972, 'museum'),
(3973, 'genome'),
(3974, 'initiative'),
(3975, '&laquo;&nbsp;l'),
(3976, 'institut'),
(3977, 'agraire'),
(3978, 'san'),
(3979, 'michele'),
(3980, 'all'),
(3981, 'adige'),
(3982, 'd&eacute;cod&eacute;'),
(3983, 'applegenome'),
(3984, 'iasma'),
(3985, 'istituto'),
(3986, 'agrario'),
(3987, 'archiv&eacute;'),
(3988, 'wikiwix&nbsp;'),
(3989, '&eacute;volution&nbsp;'),
(3990, 'lumi&egrave;re'),
(3991, 'radio-canada'),
(3992, 'septembre'),
(3993, 'riccardo'),
(3994, 'velasco'),
(3995, '&laquo;&nbsp;the'),
(3996, 'domesticated'),
(3997, '&times;'),
(3998, 'borkh'),
(3999, 'genetics'),
(4000, '&lrm;'),
(4001, 'nicole'),
(4002, 'tonelli'),
(4003, 'fran&ccedil;ois'),
(4004, 'comestibles'),
(4005, 'entier'),
(4006, 'lavoisier'),
(4007, '&nbsp;631-632'),
(4008, '&laquo;&nbsp;puceron'),
(4009, 'pommier&nbsp;&raquo;&nbsp;'),
(4010, 'alimentation'),
(4011, '&laquo;&nbsp;verger'),
(4012, 'bio&nbsp;'),
(4013, 'ooreka'),
(4014, 'marie-odile'),
(4015, 'mergnac'),
(4016, 'pr&eacute;noms'),
(4017, '2006'),
(4018, 'isbn&nbsp;2-35077-003-6'),
(4019, '&nbsp;54'),
(4020, '&laquo;&nbsp;production'),
(4021, 'vari&eacute;t&eacute;s&nbsp;&raquo;&nbsp;'),
(4022, '2016'),
(4023, '&laquo;&nbsp;site'),
(4024, 'commercial'),
(4025, 'honeycrunch'),
(4026, 'pomanjou'),
(4027, 'sas&nbsp;&raquo;&nbsp;'),
(4028, '&laquo;&nbsp;faostat&nbsp;&raquo;&nbsp;'),
(4029, 'faostat3'),
(4030, '2014-2015&nbsp;&raquo;&nbsp;'),
(4031, 'www'),
(4032, 'franceagrimer'),
(4033, 'julien'),
(4034, 'saun&eacute;'),
(4035, '&laquo;&nbsp;sanctions'),
(4036, 'europ&eacute;ennes'),
(4037, 'contre-attaque&nbsp;&raquo;&nbsp;'),
(4038, '&laquo;&nbsp;embargo'),
(4039, 'russe&nbsp;'),
(4040, 'demandent'),
(4041, 'fran&ccedil;ais&nbsp;&raquo;&nbsp;'),
(4042, 'panorama'),
(4043, 'nantes'),
(4044, 'mardi'),
(4045, '2006&nbsp;'),
(4046, 'jean-paul'),
(4047, 'fr&eacute;tillet'),
(4048, 'secrets'),
(4049, 'int&eacute;resse'),
(4050, 'no&nbsp;356'),
(4051, '&nbsp;88'),
(4052, 'http'),
(4053, 'lapomme'),
(4054, 'org&nbsp;'),
(4055, 'markus'),
(4056, 'waldecker'),
(4057, 'tanja'),
(4058, 'kautenburger'),
(4059, 'heike'),
(4060, 'daumann'),
(4061, 'selveraju'),
(4062, 'veeriah'),
(4063, 'frank'),
(4064, 'helmut'),
(4065, 'dietrich'),
(4066, 'beactrice'),
(4067, 'louise'),
(4068, 'pool-zobel'),
(4069, 'dieter'),
(4070, 'schrenk'),
(4071, 'histone-deacetylase'),
(4072, 'inhibition'),
(4073, 'butyrate'),
(4074, 'fecal'),
(4075, 'slurry'),
(4076, 'incubations'),
(4077, 'pectin'),
(4078, 'juice'),
(4079, 'extracts'),
(4080, 'nutrition'),
(4081, 'bund'),
(4082, 'lemgo'),
(4083, 'vitamin-c-gehalde'),
(4084, 'der'),
(4085, 'apfelsorten'),
(4086, 'agricultural'),
(4087, 'fool'),
(4088, 'chemistry'),
(4089, 'food'),
(4090, 'science'),
(4091, 'february'),
(4092, '&nbsp;17'),
(4093, 'chang'),
(4094, 'lee'),
(4095, 'saskia'),
(4096, 'willers'),
(4097, 'maternal'),
(4098, 'consumption'),
(4099, 'during'),
(4100, 'pregnancy'),
(4101, 'asthma'),
(4102, 'respiratory'),
(4103, 'atopic'),
(4104, 'symptoms'),
(4105, '5-year-old'),
(4106, 'children'),
(4107, 'march'),
(4108, '2007;'),
(4109, 'doi'),
(4110, '1136'),
(4111, 'thx'),
(4112, '074187'),
(4113, 'research'),
(4114, 'washington'),
(4115, 'aicr'),
(4116, '2007'),
(4117, 'eberhardt'),
(4118, '405'),
(4119, '903-4'),
(4120, 'malonado-celis'),
(4121, 'mol'),
(4122, '21-30'),
(4123, 'goss&eacute;'),
(4124, 'procyanidins'),
(4125, 'human'),
(4126, 'colon'),
(4127, 'cancer&nbsp;'),
(4128, '1291-5'),
(4129, 'lemarchand'),
(4130, 'flavono&iuml;d'),
(4131, 'lung'),
(4132, 'inst'),
(4133, '154-60'),
(4134, 'jedrychowski'),
(4135, 'apples'),
(4136, 'colorectal'),
(4137, 'risk'),
(4138, 'eur'),
(4139, 'prev'),
(4140, '42-7'),
(4141, 'anna'),
(4142, 't&oacute;thn&eacute;'),
(4143, 'litovkina'),
(4144, 'old'),
(4145, 'proverbs'),
(4146, 'never'),
(4147, 'die'),
(4148, 'they'),
(4149, 'just'),
(4150, 'diversify&nbsp;'),
(4151, 'anti-proverbs'),
(4152, 'vermont'),
(4153, '&nbsp;93'),
(4154, 'lewis'),
(4155, 'nelson'),
(4156, 'richard'),
(4157, 'shih'),
(4158, 'michael'),
(4159, 'balick'),
(4160, 'handbook'),
(4161, 'poisonous'),
(4162, 'injurious'),
(4163, 'plants'),
(4164, 'second'),
(4165, 'edition'),
(4166, 'springer'),
(4167, '340&nbsp;p'),
(4168, '&nbsp;211-212'),
(4169, 'alimentaire'),
(4170, 'dentistes&nbsp;'),
(4171, 'maxi'),
(4172, 'mauvaises'),
(4173, 'gazeuses&nbsp;'),
(4174, 'mon-expression'),
(4175, 'tomber-dans-les-pommes&nbsp;'),
(4176, 'claude'),
(4177, 'duneton'),
(4178, 'puce'),
(4179, 'oreille'),
(4180, 'poche'),
(4181, '&laquo;&nbsp;comment'),
(4182, 'd&eacute;terminer'),
(4183, 'gravitation'),
(4184, 'proportionnelle'),
(4185, 'l&rsquo;inverse'),
(4186, 'carr&eacute;'),
(4187, 'distance&nbsp;'),
(4188, 'chicago'),
(4189, 'press'),
(4190, '1984'),
(4191, '498&nbsp;p'),
(4192, 'isbn&nbsp;0226870332'),
(4193, 'bnf'),
(4194, '&eacute;comus&eacute;e&nbsp;'),
(4195, 'tourisme&nbsp;'),
(4196, 'ecomus&eacute;e'),
(4197, 'savigny-le-temple&nbsp;'),
(4198, 'officiel'),
(4199, 's&eacute;nart'),
(4200, 'mairie'),
(4201, 'perigord'),
(4202, 'blog'),
(4203, 'confr&eacute;rie'),
(4204, 'fins'),
(4205, 'goustiers'),
(4206, 'haut-maine'),
(4207, 'pail'),
(4208, '&laquo;&nbsp;2'),
(4209, '2013&nbsp;'),
(4210, 'abb&eacute;&nbsp;&raquo;&nbsp;'),
(4211, 'laconfreriedesfinsgoustiers'),
(4212, 'tourisme'),
(4213, 'culinaire&nbsp;&raquo;&nbsp;'),
(4214, 'tourisme-marchesdebretagne'),
(4215, 'audio'),
(4216, 'api&nbsp;&raquo;&nbsp;'),
(4217, 'autres-projets>'),
(4218, 'center;margin'),
(4219, '2em'),
(4220, 'autres-projets>ul'),
(4221, '0;padding'),
(4222, 'autres-projets>ul>li'),
(4223, '0;text-indent'),
(4224, '0;padding-left'),
(4225, '24px;min-height'),
(4226, '20px;text-align'),
(4227, 'left;display'),
(4228, 'block'),
(4229, 'autres-projets>ul>li>a'),
(4230, 'italic'),
(4231, 'wikimedia&nbsp;'),
(4232, 'commonspomme'),
(4233, 'wiktionnaire'),
(4234, 'th&eacute;saurus'),
(4235, 'wikiquote'),
(4236, 'brazda-bree'),
(4237, 'bedeutung'),
(4238, 'apfels'),
(4239, 'antiken'),
(4240, 'kultur'),
(4241, 'bonn'),
(4242, '1977'),
(4243, 'carambole'),
(4244, 'p&ecirc;che'),
(4245, 'poire'),
(4246, 'sec'),
(4247, 'tarn-et-garonne'),
(4248, 'aprifel'),
(4249, 'com&nbsp;'),
(4250, 'composition'),
(4251, 'v&nbsp;&middot;'),
(4252, 'mcultivars'),
(4253, 'adams'),
(4254, 'pearmain'),
(4255, 'ahrista'),
(4256, 'akane'),
(4257, 'aldas'),
(4258, 'alfred'),
(4259, 'jolibois'),
(4260, 'alka'),
(4261, 'alkm&egrave;ne'),
(4262, 'angold'),
(4263, 'annurca'),
(4264, 'antar&egrave;s'),
(4265, 'antonovka'),
(4266, 'arlet'),
(4267, 'astrakan'),
(4268, 'autento'),
(4269, 'avrolles'),
(4270, 'baldwin'),
(4271, 'beauty'),
(4272, 'bath'),
(4273, 'pontoise'),
(4274, 'salins'),
(4275, 'belle-fille'),
(4276, 'normande'),
(4277, 'ben'),
(4278, 'davis'),
(4279, 'b&eacute;n&eacute;dictin'),
(4280, 'benoni'),
(4281, 'berlepsch'),
(4282, 'bittenfelder'),
(4283, 's&auml;mling'),
(4284, 'blenheim'),
(4285, 'p&egrave;re'),
(4286, 'borowitsky'),
(4287, 'bohemia'),
(4288, 'gold'),
(4289, 'bramley'),
(4290, 'britegold'),
(4291, 'calville'),
(4292, 'calypso'),
(4293, 'cameo'),
(4294, 'carola'),
(4295, 'clivia'),
(4296, 'chantecler'),
(4297, 'ross'),
(4298, 'ch&acirc;taignier'),
(4299, 'cloche'),
(4300, 'colapuy'),
(4301, 'collina'),
(4302, 'constance'),
(4303, 'coquette'),
(4304, 'cosmic'),
(4305, 'crisp'),
(4306, 'court-pendu'),
(4307, 'cox'),
(4308, 'pippin'),
(4309, 'estre'),
(4310, 'daliclass'),
(4311, 'dayton'),
(4312, 'delbarestivale'),
(4313, 'delcorf'),
(4314, 'delbardivine'),
(4315, 'delfloga'),
(4316, 'delbard'),
(4317, 'jubil&eacute;'),
(4318, 'delgollune'),
(4319, 'delflopion'),
(4320, 'delprivale'),
(4321, 'celeste'),
(4322, 'deltana'),
(4323, 'cybele'),
(4324, 'delrouval'),
(4325, 'delbartardive'),
(4326, 'deljorom'),
(4327, 'discovery'),
(4328, 'diva'),
(4329, 'drap'),
(4330, 'ecolette'),
(4331, 'egremont'),
(4332, 'russet'),
(4333, 'eiser'),
(4334, 'ellison'),
(4335, 'enterprise'),
(4336, 'era'),
(4337, 'esopus'),
(4338, 'spitzenburg'),
(4339, 'fameuse'),
(4340, 'faros'),
(4341, 'fenouillet'),
(4342, 'florina'),
(4343, 'freedom'),
(4344, 'galarina'),
(4345, 'galeuse'),
(4346, 'ginger'),
(4347, 'gloster'),
(4348, 'noble'),
(4349, 'alexandre'),
(4350, 'gravenstein'),
(4351, 'grenadier'),
(4352, 'grifer'),
(4353, 'grive'),
(4354, 'haralson'),
(4355, 'harmonie'),
(4356, 'delorina'),
(4357, 'ingrid'),
(4358, 'marie'),
(4359, 'lebel'),
(4360, 'jamba'),
(4361, 'grieve'),
(4362, 'jolana'),
(4363, 'jonafree'),
(4364, 'jonathan'),
(4365, 'joseph'),
(4366, 'musch'),
(4367, 'judaine'),
(4368, 'judeline'),
(4369, 'juliet'),
(4370, 'kaiser'),
(4371, 'wilhelm'),
(4372, 'kandil'),
(4373, 'sinap'),
(4374, 'kanzi'),
(4375, 'karmijn'),
(4376, 'sonnaville'),
(4377, 'karneval'),
(4378, 'katja'),
(4379, 'katka'),
(4380, 'katy'),
(4381, 'kidd'),
(4382, 'knobbed'),
(4383, 'lena'),
(4384, 'liberty'),
(4385, 'lobo'),
(4386, 'lodi'),
(4387, 'lord'),
(4388, 'lambourne'),
(4389, 'luna'),
(4390, 'lundbytorp'),
(4391, 'macoun'),
(4392, 'mairac'),
(4393, 'mcshay'),
(4394, 'melba'),
(4395, 'melrose'),
(4396, 'merlijn'),
(4397, 'modi'),
(4398, 'montgomery'),
(4399, 'moonlight'),
(4400, 'nanna'),
(4401, 'nela'),
(4402, 'northen'),
(4403, 'greening'),
(4404, 'northern'),
(4405, 'spy'),
(4406, 'oldenburg'),
(4407, 'opal'),
(4408, 'patte'),
(4409, 'loup'),
(4410, 'h&ocirc;pital'),
(4411, 'pigeonnet'),
(4412, 'pilot'),
(4413, 'pinova'),
(4414, 'piros'),
(4415, 'pohorka'),
(4416, 'priam'),
(4417, 'priscilla'),
(4418, 'prima'),
(4419, 'querina'),
(4420, 'rajka'),
(4421, 'prince'),
(4422, 'prusse'),
(4423, 'rambo'),
(4424, 'rambour'),
(4425, 'raritan'),
(4426, 'rayotte'),
(4427, 'nommay'),
(4428, 'reanda'),
(4429, 'rebella'),
(4430, 'devil'),
(4431, 'redfree'),
(4432, 'redlove'),
(4433, 'sirena'),
(4434, 'topaz'),
(4435, 'reglindis'),
(4436, 'rhode'),
(4437, 'island'),
(4438, 'recolor'),
(4439, 'regine'),
(4440, 'remo'),
(4441, 'rene'),
(4442, 'resi'),
(4443, 'rewena'),
(4444, 'richared'),
(4445, 'richelieu'),
(4446, 'rosana'),
(4447, 'roter'),
(4448, 'eiserapfel'),
(4449, 'roxbury'),
(4450, 'rozela'),
(4451, 'rubin'),
(4452, 'rubinola'),
(4453, 'rubinstar'),
(4454, 'saint-nicolas'),
(4455, 'saint-martin'),
(4456, 'sampion'),
(4457, 'sang'),
(4458, 'b&oelig;uf'),
(4459, 'pareil'),
(4460, 'peasgood'),
(4461, 'santana'),
(4462, 'saturn'),
(4463, 'sawa'),
(4464, 'sir'),
(4465, 'prize'),
(4466, 'starking'),
(4467, 'suntan'),
(4468, 'teser'),
(4469, 'transparente'),
(4470, 'croncels'),
(4471, 'tuscan'),
(4472, 'vanda'),
(4473, 'verollot'),
(4474, 'violette'),
(4475, 'montb&eacute;liard'),
(4476, 'wagener'),
(4477, 'william'),
(4478, 'pride'),
(4479, 'winston'),
(4480, 'winter'),
(4481, 'banana'),
(4482, 'witos'),
(4483, 'worcester'),
(4484, 'domestiques'),
(4485, 'mculture'),
(4486, 'concepts'),
(4487, 'sep-liste'),
(4488, 'bold'),
(4489, 'biodynamique&nbsp;&middot;'),
(4490, 'biologique&nbsp;&middot;'),
(4491, 'familiale&nbsp;&middot;'),
(4492, 'pr&eacute;cision&nbsp;&middot;'),
(4493, 'proximit&eacute;&nbsp;&middot;'),
(4494, 'subsistance&nbsp;&middot;'),
(4495, 'durable&nbsp;&middot;'),
(4496, 'extensive&nbsp;&middot;'),
(4497, 'intensive&nbsp;&middot;'),
(4498, 'itin&eacute;rante&nbsp;&middot;'),
(4499, 'naturelle&nbsp;&middot;'),
(4500, 'pacifique&nbsp;&middot;'),
(4501, 'paysanne&nbsp;&middot;'),
(4502, 'raisonn&eacute;e&nbsp;&middot;'),
(4503, 'tropicale&nbsp;&middot;'),
(4504, 'urbaine&nbsp;&middot;'),
(4505, 'verticale&nbsp;&middot;'),
(4506, 'vivri&egrave;re&nbsp;&middot;'),
(4507, 'agro&eacute;cologie&nbsp;&middot;'),
(4508, 'agroforesterie&nbsp;&middot;'),
(4509, 'agropastoralisme&nbsp;&middot;'),
(4510, 'agrosylvopastoralisme&nbsp;&middot;'),
(4511, 'aquaponie&nbsp;&middot;'),
(4512, 'arboriculture&nbsp;&middot;'),
(4513, 'aridoculture&nbsp;&middot;'),
(4514, 'hydroponie&nbsp;&middot;'),
(4515, 'micro-agriculture'),
(4516, 'biointensive&nbsp;&middot;'),
(4517, 'monoculture&nbsp;&middot;'),
(4518, 'permaculture&nbsp;&middot;'),
(4519, 'polyculture&nbsp;&middot;'),
(4520, 'rizipisciculture&nbsp;&middot;'),
(4521, 'serriculture&nbsp;&middot;'),
(4522, 'viticulture'),
(4523, 'biodynamique'),
(4524, 'ac&eacute;riculture'),
(4525, '&eacute;rable'),
(4526, '&nbsp;&middot;'),
(4527, 'agrumiculture'),
(4528, 'agrume'),
(4529, 'arboriculture'),
(4530, 'fruiti&egrave;re&nbsp;&middot;'),
(4531, 'ornementale&nbsp;&middot;'),
(4532, 'terrain'),
(4533, 'sableux&nbsp;&middot;'),
(4534, 'bulbiculture'),
(4535, 'ornementale'),
(4536, 'bulbe'),
(4537, 'cacaoculture&nbsp;&middot;'),
(4538, 'cacticulture'),
(4539, 'cactus'),
(4540, 'caf&eacute;iculture&nbsp;&middot;'),
(4541, 'castan&eacute;iculture'),
(4542, 'c&eacute;r&eacute;aliculture&nbsp;&middot;'),
(4543, 'cressiculture'),
(4544, 'cressonni&egrave;re'),
(4545, 'cresson'),
(4546, 'terre&nbsp;&middot;'),
(4547, 'floriculture&nbsp;&middot;'),
(4548, 'fraisiculture'),
(4549, 'horticulture&nbsp;&middot;'),
(4550, 'lavandiculture'),
(4551, 'lavande'),
(4552, 'liniculture'),
(4553, 'lin'),
(4554, 'ma&iuml;siculture'),
(4555, 'ma&iuml;s'),
(4556, 'mara&icirc;chage&nbsp;&middot;'),
(4557, 'myciculture'),
(4558, 'fungiculture&nbsp;&middot;'),
(4559, 'nuciculture'),
(4560, 'noyer'),
(4561, 'ol&eacute;iculture'),
(4562, 'olivier'),
(4563, 'osi&eacute;riculture'),
(4564, 'osier'),
(4565, 'ph&oelig;niciculture'),
(4566, 'dattier'),
(4567, 'pomiculture'),
(4568, 'populiculture'),
(4569, 'praticulture'),
(4570, 'prairie'),
(4571, 'pruniculture'),
(4572, 'prunier'),
(4573, 'riziculture&nbsp;&middot;'),
(4574, 'sylviculture&nbsp;&middot;'),
(4575, 'tabaculture'),
(4576, 'th&eacute;iculture&nbsp;&middot;'),
(4577, 'trufficulture&nbsp;&middot;'),
(4578, 'vaniculture'),
(4579, 'vanille'),
(4580, 'vigne'),
(4581, 'agriculture&nbsp;&middot;'),
(4582, 'champignons'),
(4583, 'comestibles&nbsp;&middot;'),
(4584, 'l&eacute;gumes&nbsp;&middot;'),
(4585, 'portail'),
(4586, 'l&rsquo;agriculture'),
(4587, 'l&rsquo;agronomie'),
(4588, 'document'),
(4589, '&laquo;&nbsp;https'),
(4590, 'index'),
(4591, 'php'),
(4592, 'title'),
(4593, 'pomme&amp;oldid'),
(4594, '176821918&nbsp;&raquo;'),
(4595, 'cat&eacute;gories&nbsp;'),
(4596, 'pommepr&eacute;nom'),
(4597, 'cat&eacute;gories'),
(4598, 'cach&eacute;es&nbsp;'),
(4599, 'semi-protection'),
(4600, 'longuearticle'),
(4601, 'infoboxarticle'),
(4602, 'incompl&egrave;tearticle'),
(4603, 'n&eacute;cessairecat&eacute;gorie'),
(4604, 'identique'),
(4605, 'wikidataportail'),
(4606, 'li&eacute;sportail'),
(4607, 'biologie'),
(4608, 'li&eacute;sprojet'),
(4609, 'li&eacute;esportail'),
(4610, 'agronomie'),
(4611, 'li&eacute;sarticle'),
(4612, 'tamoulbon'),
(4613, 'indon&eacute;sienbon'),
(4614, 'persanbon'),
(4615, 'derni&egrave;re'),
(4616, 'modification'),
(4617, 'faite'),
(4618, 'auteur'),
(4619, 'textes'),
(4620, 'creative'),
(4621, 'attribution'),
(4622, 's&rsquo;appliquer'),
(4623, 'voyez'),
(4624, 'd&rsquo;utilisation'),
(4625, 'd&eacute;tails'),
(4626, 'cr&eacute;dits'),
(4627, 'graphiques'),
(4628, 'r&eacute;utilisation'),
(4629, 'citer'),
(4630, 'mentionner'),
(4631, 'wikipedia&reg;'),
(4632, 'd&eacute;pos&eacute;e'),
(4633, 'foundation'),
(4634, 'inc'),
(4635, 'organisation'),
(4636, 'bienfaisance'),
(4637, 'r&eacute;gie'),
(4638, 'paragraphe'),
(4639, '501'),
(4640, 'code'),
(4641, 'fiscal'),
(4642, 'avertissements'),
(4643, 'contact'),
(4644, 'statistiques'),
(4645, 'd&eacute;claration'),
(4646, 't&eacute;moins'),
(4647, 'activer'),
(4648, 'aper&ccedil;us'),
(4649, 'rlq'),
(4650, 'window'),
(4651, 'push'),
(4652, 'function'),
(4653, 'config'),
(4654, 'wgpageparsereport'),
(4655, 'limitreport'),
(4656, 'cputime'),
(4657, '292'),
(4658, 'walltime'),
(4659, '659'),
(4660, 'ppvisitednodes'),
(4661, 'value'),
(4662, '9832'),
(4663, 'limit'),
(4664, '1000000'),
(4665, 'postexpandincludesize'),
(4666, '224154'),
(4667, '2097152'),
(4668, 'templateargumentsize'),
(4669, '48981'),
(4670, 'expansiondepth'),
(4671, 'expensivefunctioncount'),
(4672, 'unstrip-depth'),
(4673, 'unstrip-size'),
(4674, '50226'),
(4675, '5000000'),
(4676, 'entityaccesscount'),
(4677, '400'),
(4678, 'timingprofile'),
(4679, '1185'),
(4680, '722'),
(4681, '-total'),
(4682, '201'),
(4683, 'mod&egrave;le'),
(4684, '123'),
(4685, '215'),
(4686, '817'),
(4687, 'unit&eacute;'),
(4688, '889'),
(4689, 'lien_web'),
(4690, '149'),
(4691, '403'),
(4692, 'infobox_fruit'),
(4693, '307'),
(4694, 'citation'),
(4695, '203'),
(4696, 'infobox_valeur_nutritionnelle'),
(4697, '711'),
(4698, 'palette'),
(4699, 'scribunto'),
(4700, 'limitreport-timeusage'),
(4701, '312'),
(4702, 'limitreport-memusage'),
(4703, '6684326'),
(4704, '52428800'),
(4705, 'limitreport-logs'),
(4706, 't32'),
(4707, 'cachereport'),
(4708, 'origin'),
(4709, 'mw1294'),
(4710, 'timestamp'),
(4711, '20201125080648'),
(4712, 'ttl'),
(4713, '2592000'),
(4714, 'transientcontent'),
(4715, 'wgbackendresponsetime'),
(4716, '334'),
(4717, 'wghostname'),
(4718, 'mw1370'),
(4719, 'p&eacute;niche'),
(4720, '&eacute;cluses'),
(4721, 'paquebot'),
(4722, 'crise'),
(4723, 'd&eacute;croissance'),
(4724, 'bla'),
(4725, 'bonjour'),
(4726, 'fichtre'),
(4727, 'projet'),
(4728, 'zoolemag'),
(4729, 'vitrine'),
(4730, 'magazine'),
(4731, 'zoo'),
(4732, 'papier'),
(4733, 'domaine'),
(4734, 'dessin&eacute;e'),
(4735, 'comics'),
(4736, 'agr&eacute;gateur'),
(4737, '&eacute;diteur'),
(4738, 'proposant'),
(4739, 'structure'),
(4740, 'fluidit&eacute;'),
(4741, 'confort'),
(4742, 'utilisateurs'),
(4743, 'proposera'),
(4744, 'in&eacute;dit'),
(4745, 'inciter'),
(4746, 'visiter'),
(4747, 'compl&eacute;mentarit&eacute;'),
(4748, 'acc&egrave;s'),
(4749, 'fera'),
(4750, 'interface'),
(4751, 'sp&eacute;cial'),
(4752, 'd&eacute;di&eacute;e'),
(4753, 'r&eacute;dacteurs'),
(4754, 'r&eacute;daction'),
(4755, 'administrateurs'),
(4756, 'serveur'),
(4757, 'sp&eacute;ciale'),
(4758, 'filtrage'),
(4759, 'machine'),
(4760, 'distinguer'),
(4761, 'utilisateur'),
(4762, '&eacute;l&eacute;ctricit&eacute;'),
(4763, 'truc'),
(4764, 'trac');

--
-- Contraintes pour les tables déchargées
--

--
-- Contraintes pour la table `document_mot`
--
ALTER TABLE `document_mot`
  ADD CONSTRAINT `document_mot_ibfk_1` FOREIGN KEY (`id_document`) REFERENCES `document` (`id_document`),
  ADD CONSTRAINT `document_mot_ibfk_2` FOREIGN KEY (`id_mot`) REFERENCES `mot` (`id_mot`);
COMMIT;

/*!40101 SET CHARACTER_SET_CLIENT=@OLD_CHARACTER_SET_CLIENT */;
/*!40101 SET CHARACTER_SET_RESULTS=@OLD_CHARACTER_SET_RESULTS */;
/*!40101 SET COLLATION_CONNECTION=@OLD_COLLATION_CONNECTION */;
